0,1,2,3,4,5,6,7,8,9,10,11,12,13,14,15,16,17,18,19,20,21,22,clusters
0.15,5.035,77.0,38.0,20.0,35.0,30.0,109.0,183.9,75.0,136.0,128.0,60.0,8.0,30.0,44.0,86.0,56.0,60.0,13.0,77.0,21.0,201.0,0
0.0,5.035,77.0,55.0,3.0,52.0,58.0,204.0,131.0,226.0,412.0,180.0,64.0,3.5,43.0,54.0,86.0,37.0,49.0,0.0,66.0,29.0,529.0,0
0.0,15.0,77.0,72.0,10.0,35.0,17.0,255.0,189.8,502.0,611.0,186.0,54.0,3.0,38.0,31.0,63.0,56.0,54.0,0.0,56.0,31.0,775.0,0
0.0,5.035,77.0,30.0,5.0,12.0,17.0,34.0,183.9,72.0,190.0,72.0,16.0,8.0,11.0,14.0,26.0,17.0,19.0,24.0,53.0,14.0,173.0,0
140.0,0.035,77.0,15.1,1.1,2.1,1.1,21.799999999999997,4.8,14.0,3.1,18.0,9.1,0.0,5.0,4.1,9.1,5.1,4.0,0.6,36.0,679.0,5.1,0
1.35,5.0,77.0,24.6,23.5,4.2,17.2,139.5,25.400000000000002,0.0,4.5,22.0,12.5,0.6,0.0,2.9,2.4,1.7,0.8,0.0,1.0,0.0,1.5,0
240.0,5.0,77.0,101.0,64.0,28.0,46.0,26.095,7.0,28.0,30.0,53.0,44.0,0.0,20.0,31.0,65.0,50.0,37.0,10.0,34.0,13.0,76.0,0
240.0,0.0,77.0,32.0,137.0,39.0,67.0,587.0,0.0,83.0,14.0,85.0,39.0,0.0,0.0,22.0,33.0,24.0,42.0,5.0,18.0,0.0,31.0,0
64.5,5.035,77.0,9.0,0.0,9.0,9.0,25.6,94.65,0.0,10.0,48.0,9.0,0.0,5.0,12.0,23.0,10.0,9.0,2.55,28.0,386.0,16.0,0
0.0,0.0,77.0,1440.0,1440.0,780.0,720.0,485.0,0.0,430.0,500.0,1060.0,970.0,40.0,470.0,830.0,1220.0,440.0,650.0,220.0,1500.0,820.0,880.0,1
0.0,40.0,77.0,630.0,469.0,291.0,273.0,36.5,228.5,149.0,186.0,448.0,378.0,17.0,240.0,360.0,653.0,137.0,289.0,84.0,610.0,457.0,358.0,2
4.0,5.035,77.0,17.0,2.0,23.0,12.0,53.0,235.4,22.0,63.0,18.0,6.0,0.0,2.0,2.0,5.0,3.0,3.0,0.6,65.0,5.0,9.0,0
13.165,0.035,77.0,3.0,25.0,0.0,2.0,12.315000000000001,17.5,0.0,0.0,1.0,0.0,0.0,0.0,0.0,0.0,0.0,0.0,0.0,0.0,0.0,0.0,0
13.165,0.035,77.0,2.1,23.0,0.0,2.0,12.315000000000001,52.0,0.0,0.0,0.0,0.0,0.0,0.0,0.0,0.0,0.0,0.0,0.0,0.0,0.0,0.0,0
13.165,0.035,77.0,1.9,32.4,0.2,0.7,15.85,35.5,0.0,0.1,0.2,0.1,0.0,0.0,0.3,0.0,0.0,0.0,0.0,0.0,0.0,0.0,0
14.665,0.035,77.0,4.9,12.8,0.4,1.8,18.3,18.0,0.155,0.33499999999999996,1.3,0.6,0.54,0.43,0.5,0.7,0.515,1.7,0.0,0.425,0.175,10.25,0
187.665,0.035,77.0,3.1,8.1,0.935,1.1,33.8,0.5,0.155,0.33499999999999996,0.9,0.4,0.54,0.43,0.2,0.7,0.515,1.7,0.0,0.425,0.175,10.25,0
187.5,0.035,77.0,2.2,2.9,0.2,0.7,11.2,0.5,0.0,10.35,31.12,2.8,0.65,2.3,2.3,4.6,3.0999999999999996,2.4000000000000004,1.05,30.0,442.55,6.65,0
227.5,5.035,77.0,1.5,17.3,0.9,4.2,123.8,1.7,7.0,0.0,3.8,31.12,15.06,2.6,0.6,0.2,30.12,1.2,5.8,30.12,339.7,0.0,0
1.35,0.035,77.0,3.8,26.3,6.5,15.6,26.7,28.8,2.2,0.64,6.3,6.8,0.25,0.2,5.6,5.1,5.4,12.8,3.6,3.5,10.8,8.96,0
120.0,5.035,77.0,2.16,26.48,32.65,71.53,180.52,107.84,75.36,4.8,19.0,54.54,0.15,2.04,36.5,31.18,17.92,36.56,5.5,20.6,55.42,105.28,0
0.0,5.035,77.0,11.1,0.0,30.12,0.0,0.0,2.0,0.0,0.0,1.1,30.12,0.0,0.0,30.12,30.12,30.12,30.12,30.12,0.0,30.12,0.0,0
5.0,5.035,77.0,8.9,8.2,9.9,16.1,266.0,10.0,0.8,0.7,2.7,1.6,0.0,0.5,1.9,1.7,1.1,1.5,5.1,3.0,4.7,199.0,0
7.165,5.035,77.0,2.2,3.3,3.2,4.3,148.0,32.0,4.8,0.2,3.1,3.7,0.0,0.0,1.8,0.7,0.5,5.0,2.7,0.3,3.4,13.0,0
0.0,0.0,77.0,1020.0,500.0,410.0,570.0,440.0,0.0,230.0,380.0,1000.0,630.0,0.0,220.0,510.0,1000.0,440.0,580.0,110.0,450.0,190.0,590.0,1
1.35,5.035,77.0,18.0,4.2,12.1,24.1,30.12,0.0,15.0,12.0,25.1,18.1,1.0,4.0,13.0,22.0,4.1,8.0,3.0,19.0,7.0,13.0,0
5.0,10.0,77.0,111.2,11.4,2.6,21.1,15.6,83.8,0.295,1.0,21.9,3.9,5.8,2.45,0.6,1.0,7.6,0.8,7.5,0.8,2.5,27.95,0
40.0,10.6,77.0,277.0,399.0,24.6,283.0,48.0,353.0,112.0,180.0,272.0,464.0,49.0,107.0,573.0,355.75,28.09,290.0,0.0,378.0,56.0,522.0,2
98.0,5.035,77.0,10.67,5.83,11.9,8.81,20.0,94.4,6.05,33.86,21.47,14.14,0.0,3.44,8.31,6.86,12.04,8.24,3.5,2.88,4.05,25.78,0
13.5,5.035,77.0,0.0,0.0,0.0,0.0,3.6,0.12,96.0,0.0,8.0,0.0,0.0,0.0,0.0,0.0,0.0,0.0,0.0,0.0,0.0,4.0,0
0.0,5.035,77.0,14.0,12.0,4.0,11.0,16.0,12.0,6.0,2.0,4.0,6.0,0.0,2.0,6.0,8.0,415.0,12.0,18.0,6.0,12.0,6.0,0
0.0,5.035,77.0,70.0,54.0,65.0,10.25,53.0,113.25,4.05,4.0,31.0,55.0,0.0,14.0,29.0,35.0,973.0,7.0,10.5,8.0,14.0,10.0,0
0.0,15.0,77.0,87.0,67.0,200.0,3.5999999999999996,41.5,58.85,4.05,2.0,29.0,58.0,0.0,16.0,34.0,41.0,931.0,12.0,10.5,7.0,17.0,14.0,0
0.0,0.0,77.0,149.0,73.0,8.0,9.0,37.0,0.0,4.0,2.0,25.0,3.0,0.0,0.0,4.0,4.0,3.0,11.0,0.0,6.0,4.0,8.0,0
0.0,0.0,77.0,25.6,1.4,8.0,8.0,44.0,0.0,4.0,2.0,28.0,3.0,0.0,0.0,6.0,4.0,1.1,10.1,30.12,6.0,5.0,7.1,0
13.165,0.035,77.0,1.3,3.2,0.4,0.5,16.45,54.0,0.0,0.9,1.1,31.12,0.0,0.2,0.5,1.0,1.3,1.5,11.6,0.8,0.4,1.1,0
13.165,0.035,77.0,2.2,2.1,0.6,0.9,5.23,1.1199999999999999,0.9,2.0,8.1,1.5,0.0,0.0,0.6,0.9,1.6,2.1,21.2,1.0,0.8,2.0,0
6.0,5.035,77.0,10.0,3.8,2.5,1.5,6.4,26.0,0.6,0.4,1.6,1.8,0.0,0.0,1.2,0.6,1.1,2.5,0.4,0.0,0.3,1.0,0
80.0,80.0,77.0,280.0,210.0,140.0,220.0,0.0,0.0,190.0,150.0,390.0,220.0,0.0,90.0,170.0,360.0,170.0,230.0,50.0,170.0,80.0,250.0,2
0.0,5.035,77.0,11.0,0.0,6.0,8.0,3.0,31.0,3.0,7.0,28.0,7.0,0.0,5.0,5.0,10.0,5.01,6.1,1.0,9.0,3.1,9.0,0
79.61,0.035,77.0,9.71,1.1,6.91,9.77,4.49,58.17,4.14,11.41,38.13,8.79,1.44,5.82,6.82,12.46,7.07,7.1,0.0,11.26,5.12,9.23,0
90.2,0.035,77.0,6.03,1.2,4.1,6.83,3.04,61.82,3.91,10.36,31.98,5.74,0.72,2.83,4.33,7.48,4.17,4.13,5.2,8.77,3.72,7.49,0
7.5,5.035,77.0,14.0,4.1,4.8,2.3,17.0,116.0,1.7,0.6,0.5,1.8,0.0,0.7,0.9,3.2,9.1,3.7,9.7,3.9,8.1,71.0,0
6.0,0.035,77.0,0.7,1.6,6.2,2.1,5.0,44.0,1.1,0.4,0.7,3.0,0.0,0.0,1.8,1.8,3.4,4.5,0.0,2.6,5.4,28.0,0
7.165,5.035,77.0,18.0,2.0,5.0,5.0,25.6,94.65,5.0,94.0,30.0,5.0,0.0,2.0,3.0,5.0,3.0,3.0,0.28,8.0,2.0,6.0,0
0.0,5.035,77.0,34.0,3.0,29.0,46.0,40.0,156.0,455.0,618.0,144.0,39.0,3.0,18.0,18.0,34.0,19.0,14.0,11.0,39.0,17.0,406.0,0
0.0,7.0,77.0,77.0,4.0,33.0,172.0,20.0,318.0,21.0,26.0,381.0,136.0,0.0,0.0,123.0,9.0,1.0,6.0,0.0,54.0,26.0,86.0,0
0.0,5.035,77.0,47.0,19.0,36.0,37.0,133.0,183.9,192.0,454.0,175.0,59.0,3.0,44.0,36.0,76.0,28.0,27.0,9.0,52.0,33.0,386.0,0
7.165,5.035,77.0,11.2,14.1,23.1,23.0,26.5,128.55,251.0,444.0,23.5,16.2,0.22,49.0,28.1,27.2,22.1,19.1,5.1,44.0,23.0,24.11,0
6.0,5.035,77.0,2.6,2.4,4.7,6.0,7.9,66.0,4.2,0.6,2.3,6.1,0.0,0.0,3.8,2.7,1.5,2.2,2.4,0.5,3.0,2.5,0
13.165,0.035,77.0,3.89,1.99,0.52,31.12,55.5,51.0,1.4,0.88,1.46,0.59,0.0,0.13,0.27,0.57,0.15,0.7,1.9500000000000002,0.49,0.17,1.31,0
30.0,10.0,77.0,29.1,3.4,6.5,11.9,0.0,6.1,15.4,34.9,88.1,7.5,0.0,2.2,4.6,5.8,10.3,2.9,30.12,8.9,4.9,16.7,0
0.0,5.0,77.0,34.2,3.9,9.2,12.5,0.0,9.1,14.2,18.2,115.1,8.6,0.7,2.7,5.3,7.4,7.7,3.4,1.5,12.7,7.4,11.5,0
0.0,0.0,77.0,1110.0,730.0,510.0,820.0,530.0,0.0,730.0,500.0,1480.0,840.0,0.0,350.0,680.0,1430.0,670.0,880.0,210.0,580.0,290.0,890.0,1
13.5,10.0,77.0,83.0,17.0,13.0,63.0,22.0,3.94,149.0,3.0,57.0,20.0,0.0,1.0,10.0,13.0,5.0,7.0,2.0,12.0,23.0,27.0,0
30.0,5.0,77.0,40.0,15.0,6.0,26.0,0.0,0.0,11.0,3.0,54.0,11.0,0.0,0.0,3.0,2.0,2.0,1.0,0.5,3.0,2.0,2.0,0
1.35,5.0,77.0,29.1,20.1,28.1,29.1,0.0,0.0,6.11,12.1,4.3,16.2,1.0,1.1,26.0,23.1,11.1,14.1,2.0,23.0,4.2,3.5,0
192.75,0.035,77.0,8.3,8.3,5.3,6.2,40.0,153.0,5.6,6.2,9.9,8.2,0.7,1.3,6.0,9.7,7.1,5.7,1.6,10.0,3.2,13.7,0
13.165,5.035,77.0,10.9,4.7,0.5,2.0,6.365,15.6,0.0,0.4,2.4,0.4,0.0,0.3,0.1,0.2,0.5,0.1,1.6,0.1,0.2,1.3,0
1.35,5.035,77.0,20.1,16.68,1.04,3.64,48.9,38.1,38.25,1.14,4.86,1.14,0.0,0.55,1.24,3.55,1.8,1.42,15.06,0.74,0.0,0.0,0
7.5,5.035,77.0,2.6,17.0,7.1,22.0,32.0,253.0,491.0,3.7,12.0,18.0,0.0,0.5,8.9,4.4,2.9,7.9,6.4,1.8,20.0,63.0,0
160.0,0.035,77.0,16.0,1.0,5.0,9.0,0.0,0.0,4.0,10.0,17.0,5.0,0.0,4.0,4.0,7.0,3.0,2.0,0.0,8.0,1.0,2.0,0
5.4,5.035,77.0,14.2,24.0,22.1,27.0,30.25,128.55,33.0,10.0,63.0,20.2,0.0,6.0,1.2,6.4,44.0,16.3,6.1,39.0,6.1,15.2,0
1.35,0.035,77.0,3.9,23.0,6.9,7.0,14.0,40.0,13.0,0.5,15.0,9.2,0.0,0.0,4.9,1.8,8.0,5.4,2.5,0.0,3.5,4.7,0
30.0,5.035,77.0,19.0,13.0,4.0,10.0,0.0,0.0,4.0,0.0,39.0,7.0,0.0,1.0,5.0,3.0,2.0,4.0,1.0,2.0,2.0,5.0,0
0.0,5.035,77.0,46.0,33.0,39.0,68.0,0.0,0.0,163.0,18.0,174.0,84.0,0.0,5.0,51.0,53.0,32.0,37.0,13.0,38.0,31.0,92.0,0
0.0,5.035,77.0,22.3,30.12,1.2,4.2,0.0,30.0,36.0,18.0,4.3,26.2,0.0,40.0,12.3,29.4,30.12,62.0,22.0,19.3,17.0,8.0,0
1.35,5.035,77.0,18.9,13.1,5.2,7.6,73.8,58.2,0.0,0.6,3.6,8.8,0.25,0.4,4.6,4.5,3.9,5.0,2.35,2.3,0.6,0.0,0
0.0,0.0,77.0,42.0,11.0,25.0,19.0,40.5,183.9,16.0,16.0,146.0,22.1,17.0,5.0,19.01,35.0,12.0,29.01,19.0,18.01,21.0,7.0,0
240.0,5.0,77.0,105.18,5.98,10.17,11.94,55.9,7.88,33.45,14.55,54.3,11.8,18.61,17.46,9.01,17.38,9.48,8.05,2.0,20.05,4.67,12.46,0
0.0,10.0,77.0,173.0,17.0,14.0,14.0,71.0,0.0,17.0,16.0,18.0,52.0,0.0,21.0,8.0,142.0,26.0,85.0,9.0,49.0,12.0,57.0,0
40.0,40.0,77.0,718.0,93.0,110.0,143.0,174.0,60.5,36.0,57.0,112.0,152.0,0.0,178.0,86.0,526.0,130.0,236.0,46.0,368.0,80.0,269.0,1
0.0,0.0,77.0,258.0,23.0,29.0,28.0,93.0,0.0,18.0,21.0,26.0,67.0,0.0,42.0,17.0,193.0,40.0,118.0,18.0,83.0,20.0,97.0,2
0.0,2.35,77.0,292.0,30.0,13.0,3.0,0.0,55.0,118.0,40.0,86.0,114.0,0.0,47.0,87.0,192.0,73.0,115.0,20.0,17.0,59.0,15.0,2
0.0,40.0,77.0,760.48,288.0,303.95,79.05,55.76,85.0,230.68,104.18,189.36,450.4,58.52,269.63,412.41,752.52,333.98,440.6,65.75,763.55,140.33,28.19,1
13.165,0.035,77.0,10.5,3.27,2.135,1.56,0.73,1.815,6.09,0.23,2.16,1.65,0.0,0.34,0.23,2.32,3.81,2.69,0.135,11.61,2.68,0.43,0
1.35,5.0,77.0,39.0,3.0,4.0,4.0,3.375,7.17,13.0,31.12,7.0,21.0,1.75,3.01,6.01,44.0,15.0,26.0,0.5,16.0,2.01,9.0,0
1.35,5.0,77.0,21.86,5.77,3.6500000000000004,4.2,36.2,98.95,7.37,1.06,4.63,4.84,0.7,3.01,1.05,12.98,5.53,9.71,0.0,20.54,3.03,0.94,0
0.15,10.0,77.0,175.0,19.0,32.0,48.0,35.05,135.25,24.02,23.0,48.0,156.0,0.0,11.2,44.0,343.0,92.0,10.7,11.5,105.0,13.0,29.0,0
81.35,5.0,77.0,35.59,8.79,14.600000000000001,16.05,24.6,58.6,9.02,1.92,6.73,10.44,0.5,9.4,2.69,29.22,7.54,20.9,1.0,35.03,3.39,2.33,0
482.0,10.0,77.0,54.13,13.83,12.3,11.6,27.975,65.77,14.27,4.25,9.7,19.65,1.75,12.87,4.34,52.31,11.7,34.63,6.725,65.88,5.64,7.67,4
240.0,5.0,77.0,82.0,5.0,9.0,10.0,50.4,7.0,18.0,6.0,15.0,56.0,1.75,9.0,10.0,125.0,22.1,87.0,7.5,28.0,4.0,19.0,0
515.0,10.0,77.0,77.81,16.56,10.05,11.6,30.45,44.0,13.63,4.85,12.66,23.73,1.75,13.95,7.14,77.4,15.7,48.03,7.55,67.15,4.61,10.26,4
0.0,10.0,77.0,111.65,26.7,14.55,13.5,63.9,31.24,34.12,10.5,17.02,42.1,0.0,20.43,12.36,109.97,26.24,64.18,12.385,111.38,11.98,17.31,0
0.0,10.0,77.0,121.08,31.38,14.55,15.5,63.9,31.24,29.02,12.0,21.0,51.7,0.0,24.35,18.46,128.91,29.56,75.53,12.385,114.25,12.54,18.07,0
0.0,5.0,77.0,52.0,8.0,12.0,19.0,34.0,0.25,26.0,7.0,24.0,69.0,0.0,16.0,17.0,151.0,38.0,100.0,7.5,43.0,4.01,28.01,0
0.0,10.0,77.0,160.41,35.21,14.5,15.5,63.9,0.0,22.77,14.41,25.72,58.6,0.0,28.0,16.71,170.03,35.8,91.83,13.5,138.92,12.02,26.09,0
0.0,10.0,77.0,182.23,42.77,21.5,21.0,82.0,0.0,33.94,18.98,29.01,74.16,0.0,33.97,23.82,195.94,45.55,104.22,13.5,155.37,20.28,41.09,0
0.0,10.0,77.0,168.0,15.0,22.0,32.0,50.4,28.5,46.0,19.0,35.0,152.0,0.0,31.0,32.0,305.0,63.0,192.0,11.5,78.0,10.0,17.0,0
0.0,0.0,77.0,1570.0,248.0,165.0,245.0,230.0,15.5,606.0,160.0,174.0,509.0,0.0,169.0,445.0,640.0,210.0,363.0,25.0,813.0,190.0,39.0,3
25.0,0.0,77.0,539.0,29.0,79.0,67.0,125.0,61.0,221.0,60.0,81.0,197.0,0.0,67.0,107.0,329.0,84.0,171.0,10.0,303.0,63.0,36.0,2
0.0,15.0,77.0,1860.0,490.0,330.0,670.0,84.5,581.5,970.0,260.0,380.0,2570.0,0.0,2480.0,5570.0,8710.0,750.0,1570.0,50.0,1170.0,250.0,360.0,3
0.0,2.35,77.0,307.52,9.85,73.62,43.19,65.0,93.42,160.03,30.33,49.0,131.21,9.4,43.12,58.9,209.87,47.65,103.41,9.39,203.2,29.79,9.6,2
0.0,10.0,77.0,157.0,9.0,27.0,7.0,6.0,20.0,112.0,24.0,78.0,73.0,0.0,35.0,40.0,104.0,69.0,77.0,23.0,51.0,34.0,5.0,0
0.0,0.0,77.0,330.0,106.0,73.0,76.0,0.0,87.0,169.0,42.0,93.0,161.0,0.0,80.0,116.0,295.0,150.0,148.0,24.0,323.0,110.0,95.0,2
40.0,40.0,77.0,614.0,276.0,146.0,108.0,0.0,170.0,396.0,79.0,167.0,388.0,0.0,166.0,250.0,564.0,282.0,281.0,47.0,587.0,172.0,208.0,2
13.165,0.035,77.0,4.0,0.0,0.0,0.0,0.0,0.0,0.0,0.0,0.0,0.0,0.0,0.0,0.0,0.0,0.0,0.0,0.0,0.0,0.0,0.0,0
5.4,5.0,77.0,43.0,4.0,6.0,7.0,5.425,44.17,23.0,3.0,12.0,27.0,1.75,6.0,13.0,52.0,25.0,29.0,2.175,26.0,5.0,12.0,0
0.0,10.0,77.0,124.0,7.0,15.0,17.0,63.9,10.0,28.0,10.0,21.0,61.0,0.0,14.0,22.0,157.0,40.0,91.0,16.0,45.0,7.0,16.0,0
0.15,0.0,77.0,215.0,13.0,26.0,31.0,111.5,28.5,52.0,20.0,35.0,132.0,0.0,29.0,41.0,279.0,72.0,149.0,11.5,83.0,12.0,15.0,2
0.15,2.35,77.0,276.0,17.0,37.0,44.0,65.0,56.0,69.0,30.0,44.0,172.0,0.0,43.0,56.0,344.0,99.0,179.0,7.195,118.0,17.0,22.0,2
0.15,2.35,77.0,295.0,18.0,40.0,16.02,65.0,56.0,81.0,32.0,47.0,193.0,0.0,47.0,63.0,369.0,111.0,192.0,7.195,129.0,19.0,21.0,2
112.75,0.035,77.0,8.94,3.25,1.76,1.01,49.3,30.75,3.48,1.39,3.53,6.48,0.0,3.27,3.76,8.19,4.21,7.17,0.0,2.92,0.0,30.12,0
81.35,5.0,77.0,26.4,3.68,4.93,2.73,57.25,32.85,9.16,3.07,6.53,9.92,0.7,4.54,6.36,13.2,8.15,16.2,1.0,5.91,1.79,2.12,0
1.35,5.0,77.0,48.1,18.25,10.94,4.17,3.925,10.77,17.37,6.77,19.11,10.43,1.75,6.65,8.15,26.0,13.09,29.5,2.175,12.61,6.22,8.03,0
13.165,0.035,77.0,0.75,0.07,0.28,0.2,1.07,0.13,1.105,0.25,0.61,0.26,0.83,0.055,0.13,0.16,0.09,0.06,0.0,0.23,0.0,0.27,0
13.165,0.035,77.0,0.0,0.0,0.0,0.0,0.0,0.0,2.0,0.0,0.0,0.0,0.0,0.0,0.0,0.0,0.0,0.0,0.0,0.0,0.0,0.0,0
13.165,0.035,77.0,0.72,0.06,0.26,0.16,1.07,0.11,1.105,0.19,0.57,0.24,0.78,0.055,0.12,0.12,0.08,0.05,0.0,0.5,0.05,0.13,0
0.0,0.0,77.0,1680.0,414.0,212.0,561.0,260.0,0.0,884.0,297.0,253.0,671.0,0.0,212.0,535.0,695.0,240.0,435.0,37.5,1130.0,236.0,2.0,3
0.0,0.0,77.0,2220.0,580.0,360.0,790.0,115.0,0.0,1160.0,310.0,320.0,850.0,0.0,300.0,750.0,980.0,250.0,550.0,50.0,1410.0,300.0,430.0,3
0.0,0.0,77.0,295.0,49.0,31.0,48.0,130.0,57.0,130.0,20.0,70.0,187.0,0.0,66.0,83.0,272.0,69.0,150.0,5.0,177.0,33.0,2.0,2
40.0,40.0,77.0,471.0,107.0,79.0,85.0,92.0,121.0,169.0,40.0,180.0,281.0,0.0,128.0,197.0,424.0,195.0,202.0,32.0,420.0,135.0,85.0,2
241.35,10.0,77.0,60.0,19.0,20.0,16.1,4.1,74.0,23.2,9.0,28.1,28.0,0.0,16.0,15.1,26.2,11.1,28.1,9.1,14.1,26.1,10.1,0
1.35,5.035,77.0,18.4,29.1,3.1,7.5,8.7,66.0,3.4,0.8,6.3,0.7,0.0,0.0,1.5,2.4,3.1,8.7,1.4,2.2,4.8,5.5,0
1.35,0.035,77.0,1.8,2.7,4.9,7.1,25.0,42.0,5.8,0.3,3.6,7.3,0.0,0.8,5.2,3.2,3.3,7.7,3.0,2.3,1.5,3.1,0
275.0,5.0,77.0,98.1,54.25,14.1,17.65,56.8,18.84,6.5,3.65,28.4,9.05,4.4,2.45,7.0,6.1,7.05,14.65,1.0,6.25,4.85,17.8,0
640.0,20.0,77.0,89.8,43.05,13.3,29.7,44.0,69.55,27.0,47.0,46.4,37.5,3.55,16.5,29.0,56.5,38.0,22.3,6.0,51.5,11.5,56.8,4
6.0,5.035,77.0,0.9,1.0,2.3,6.0,20.0,163.0,5.5,0.4,1.9,1.6,0.0,0.0,2.0,0.5,2.0,2.0,2.0,0.1,1.5,8.4,0
0.0,0.0,77.0,77.0,76.0,35.0,48.0,26.095,0.0,55.0,28.0,53.0,51.0,0.0,14.0,37.0,67.0,45.0,47.0,0.0,49.0,17.0,85.0,0
0.0,0.0,77.0,4.3,61.0,28.1,6.2,9.6,0.0,27.0,13.1,30.1,33.0,0.0,13.0,24.0,48.0,23.0,35.0,10.0,37.0,11.0,22.4,0
6.0,5.035,77.0,2.3,0.8,1.4,5.1,6.1,107.0,0.6,1.2,5.8,0.8,0.0,0.0,0.7,0.3,0.0,0.3,0.0,0.2,0.4,1.3,0
30.0,5.0,77.0,27.0,9.0,6.0,18.0,0.0,0.0,12.0,4.0,43.0,5.0,0.0,0.0,3.0,2.0,0.0,1.0,0.0,2.0,3.0,8.0,0
30.0,5.0,77.0,50.0,11.0,9.0,24.0,0.0,0.0,17.0,3.0,46.0,10.0,0.0,0.0,7.0,4.0,3.0,4.0,2.0,5.0,6.0,34.0,0
270.0,5.0,77.0,94.0,12.0,3.0,14.0,55.0,29.8,29.0,2.0,59.0,9.0,30.12,31.12,4.0,1.0,1.0,3.0,0.0,1.0,5.0,26.0,0
0.0,40.0,77.0,990.2,514.6,237.3,297.7,48.1,15.2,347.5,131.7,390.6,377.8,3.9,31.8,389.7,656.9,248.7,367.9,5.0,484.4,95.1,575.9,1
0.0,5.035,77.0,18.0,22.0,24.0,31.0,0.0,0.0,18.0,2.0,29.0,26.0,0.0,1.0,10.0,4.0,9.0,16.0,10.0,12.0,14.0,64.0,0
0.0,5.035,77.0,13.1,11.0,9.1,16.1,30.12,0.0,6.1,3.0,31.1,7.1,0.0,0.0,7.0,2.0,31.12,6.1,31.12,3.0,3.1,8.1,0
6.0,0.035,77.0,1.8,2.0,4.4,6.4,7.2,35.0,1.8,0.3,1.1,4.2,0.0,0.0,2.0,1.0,2.6,4.5,2.1,0.8,2.4,9.8,0
1.35,5.035,77.0,22.0,4.1,5.0,11.0,3.0,0.0,8.0,2.0,19.0,3.0,30.12,1.0,2.0,2.0,31.12,30.12,1.0,4.1,0.0,14.0,0
13.165,0.035,77.0,0.0,2.8,0.4,0.8,42.4,0.12,0.0,0.0,0.0,0.7,4.5,30.12,0.8,0.0,3.8,1.4,0.65,6.9,0.0,0.0,0
13.165,0.035,77.0,0.7,2.7,0.4,1.4,3.9699999999999998,0.12,0.0,0.5,0.0,1.4,1.5,1.3,0.0,0.0,2.7,1.8,0.0,0.0,0.0,0.0,0
13.165,0.035,77.0,0.0,2.6,0.0,0.7,1.07,0.12,0.0,0.0,0.0,1.5,1.5,0.0,0.7,0.0,3.2,1.7,0.0,0.0,0.0,0.0,0
0.0,5.035,77.0,0.4,2.4,30.12,0.8,20.0,95.4,0.0,30.12,0.0,30.12,4.3,30.12,30.12,30.12,1.3,30.12,18.060000000000002,30.12,30.12,30.12,0
240.0,5.0,77.0,95.1,69.0,6.8,37.5,135.0,64.45,0.0,8.2,49.1,12.4,4.2,3.9,10.4,8.4,11.8,22.9,6.0,7.8,2.2,11.1,0
0.0,0.0,77.0,92.3,34.5,6.8,25.3,43.4,96.55,0.0,5.3,29.7,12.1,4.5,3.9,10.0,8.2,11.1,17.3,2.0,7.5,2.7,3.9,0
105.165,0.035,77.0,0.6,3.2,30.12,31.12,4.3,4.7,0.0,30.12,0.0,1.7,1.5,1.2,30.12,0.0,3.1,1.1,2.05,0.0,30.12,30.12,0
240.0,5.0,77.0,93.8,49.8,4.9,19.8,32.9,58.15,0.0,4.7,33.5,13.1,4.3,3.9,11.3,8.1,13.9,15.1,6.0,30.12,2.5,4.2,0
1.35,5.0,77.0,62.8,40.6,6.1,17.3,52.1,74.55,0.0,6.2,34.9,11.4,4.6,2.1,9.7,6.2,10.6,10.6,2.5,5.4,2.2,3.2,0
0.0,0.0,77.0,83.7,59.7,6.4,22.1,32.9,64.45,0.0,6.2,34.8,12.5,3.7,4.1,11.4,7.9,12.6,21.9,6.0,7.4,2.3,14.6,0
0.0,0.0,77.0,569.0,298.0,288.0,232.0,84.5,581.5,247.0,253.0,775.0,525.0,157.0,320.0,419.0,794.0,437.0,673.0,42.0,627.0,1430.0,429.0,2
0.0,15.0,77.0,158.0,134.0,114.0,136.0,35.05,135.25,234.0,139.0,349.0,225.0,0.0,122.0,124.0,224.0,198.0,319.0,0.0,289.0,4850.0,149.0,0
0.0,15.0,77.0,165.0,61.0,92.0,77.0,35.05,135.25,0.0,105.0,313.0,140.0,0.0,60.0,76.0,157.0,152.0,241.0,0.0,240.0,5810.0,115.0,0
0.0,40.0,77.0,498.0,529.0,303.0,397.0,102.5,313.5,358.0,332.0,662.0,530.0,0.0,187.0,342.0,510.0,288.0,434.0,0.0,727.0,184.0,234.0,2
0.0,5.035,77.0,18.11,16.3,70.0,45.0,34.0,4.8,245.0,1310.0,9.12,295.0,148.0,19.5,225.0,460.0,24.9,368.0,26.5,20.4,16.9,1.4,0
8.515,0.035,77.0,1.6,3.1,10.1,15.1,54.0,8.2,14.0,0.5,3.9,12.1,0.0,1.7,9.1,9.1,9.5,15.1,13.0,2.1,3.8,6.6,0
0.0,10.0,77.0,109.1,13.7,9.6,21.3,33.5,12.4,24.0,6.0,111.4,14.5,38.06,2.0,3.3,4.3,11.1,4.2,0.75,13.9,3.1,4.9,0
0.0,5.035,77.0,10.0,9.1,1.0,2.0,24.0,0.0,15.1,2.1,9.0,1.1,0.0,30.12,30.12,30.12,2.1,30.12,4.0,1.1,1.1,3.1,0
270.0,5.0,77.0,71.6,11.4,8.1,14.1,27.5,16.0,26.3,5.6,81.2,11.2,15.41,3.2,4.3,5.2,12.2,3.7,0.75,16.1,3.6,3.4,0
240.0,15.0,77.0,110.6,17.1,7.3,12.1,32.0,25.0,21.5,6.4,85.3,7.1,18.61,1.48,2.2,4.2,6.3,3.4,4.0,10.1,3.0,4.0,0
1.35,10.0,77.0,74.3,31.0,23.5,29.9,53.5,42.9,6.9,1.9,14.3,29.7,4.0,6.3500000000000005,21.2,14.1,14.3,26.8,0.5,19.4,0.3,41.6,0
6.0,5.035,77.0,9.66,4.61,2.57,9.65,13.665,103.9,3.0,8.15,3.14,2.22,3.09,2.23,2.56,3.67,2.71,2.51,0.6,0.35,1.73,6.28,0
0.0,3.5,77.0,81.0,6.5,28.0,38.0,86.0,160.345,194.0,353.0,101.0,59.0,1.95,30.5,37.5,115.0,35.55,70.0,7.85,45.5,12.0,273.0,0
40.0,40.0,77.0,600.0,390.0,120.0,190.0,10.0,10.0,760.0,120.0,330.0,270.0,10.0,0.0,250.0,360.0,170.0,290.0,25.0,190.0,70.0,240.0,2
6.24,0.0,77.0,20.25,7.2,14.8,13.0,0.0,8.1,12.6,33.5,13.45,7.8,1.5,2.55,5.3,8.35,4.3,5.3,15.5,37.0,3.55,7.8,0
15.0,5.035,77.0,9.65,1.8,0.2,0.3,14.03,5.6049999999999995,2.5,0.43,4.53,0.98,0.22,0.4,0.38,0.63,0.38,0.25,9.649999999999999,1.13,35.8,3.1550000000000002,0
136.0,0.07,77.0,11.6,7.65,7.050000000000001,11.5,10.05,9.450000000000001,4.4,10.899999999999999,15.1,7.05,13.1,12.649999999999999,3.6,6.2,3.35,4.75,2.8499999999999996,19.650000000000002,84.60000000000001,4.65,0
414.0,5.035,77.0,24.0,9.0,12.0,10.0,40.5,183.9,21.0,22.0,49.0,20.0,0.6,10.0,10.0,17.0,8.0,23.0,11.1,79.0,30.0,5.0,4
12.0,0.035,77.0,1.77,0.5,0.3,0.33,0.0,1.055,0.0,0.52,1.47,0.78,0.22,0.2,0.32,0.55,0.28,0.22,0.0,0.98,6.63,0.32,0
45.0,1.425,77.0,1700.0,456.0,28.0,0.0,115.0,79.33500000000001,685.0,11.0,136.0,656.0,151.0,26.0,165.0,158.0,574.0,229.0,0.0,190.0,0.0,0.0,3
35.0,5.035,77.0,41.0,10.0,16.0,11.0,31.0,183.9,11.3,526.0,90.0,23.0,0.95,19.0,17.0,37.0,14.0,18.0,4.25,27.0,1900.1,181.0,0
244.15,5.035,77.0,35.7,53.4,46.4,38.6,25.4,101.45,25.5,38.7,83.6,36.4,0.0,0.0,0.0,40.3,40.2,43.2,3.3499999999999996,62.2,1004.8,0.0,0
415.0,5.035,77.0,25.2,34.9,25.5,24.5,36.45,154.05,0.0,29.2,73.8,21.1,0.0,30.12,0.0,30.12,27.8,38.6,1.5,61.7,774.5,0.0,4
1.35,5.035,77.0,4.3,8.9,21.0,33.0,139.0,239.0,25.0,0.9,8.9,28.0,0.0,5.2,21.0,7.8,27.0,39.0,23.0,3.0,9.0,23.0,0
550.0,10.0,77.0,63.0,15.0,32.0,19.1,5.425,44.17,28.0,43.0,4.3,18.0,0.0,4.01,12.01,25.1,15.0,14.0,4.0,60.0,41.0,23.0,4
14.33,0.035,77.0,4.17,0.72,1.31,2.12,0.255,2.11,0.0,1.57,4.2,1.72,0.44,1.06,1.05,1.7,1.29,1.36,10.629999999999999,2.22,7.39,1.31,0
0.0,5.035,77.0,43.0,9.0,18.0,17.0,40.5,183.9,14.0,27.0,52.0,3.8000000000000003,0.0,11.0,16.0,29.0,4.0,18.0,0.0,88.0,3031.0,0.0,0
0.0,5.035,77.0,54.0,0.0,17.0,17.0,40.5,183.9,30.0,46.0,91.0,39.0,0.0,17.0,35.0,45.0,6.0,20.0,0.0,123.0,3938.0,41.29,0
830.0,20.0,77.0,67.0,13.0,22.0,18.0,35.5,144.15,16.0,23.0,100.0,21.0,0.0,7.0,12.0,24.0,14.0,14.0,3.0,50.0,765.0,28.0,4
410.0,0.0,77.0,99.0,51.0,47.0,52.0,22.4,91.5,43.0,67.0,106.0,47.0,0.0,12.0,34.0,62.0,33.0,34.0,7.0,71.0,679.0,47.0,4
620.0,10.0,77.0,86.0,27.0,41.0,32.0,37.0,133.4,31.0,47.0,90.0,44.0,0.0,17.0,32.0,63.0,29.0,29.0,6.0,128.0,142.0,67.0,4
17.32,15.0,77.0,490.0,90.0,180.0,190.0,40.9,856.2,1580.0,550.0,710.0,260.0,0.0,120.0,180.0,350.0,190.0,170.0,40.0,310.0,40.0,1480.0,2
40.0,40.0,77.0,386.29,311.61,69.74,124.39,0.0,0.0,272.12,55.64,198.77,125.74,0.0,40.0,165.16,323.8,176.06,157.21,9.71,74.4,14.63,252.64,2
959.0,20.0,77.0,49.0,9.25,17.75,13.75,4.9,11.95,24.4,21.5,86.95,19.7,0.95,7.3,10.6,22.45,12.25,12.05,3.75,69.5,1399.3,19.6,4
650.0,20.0,77.0,71.0,19.0,21.0,23.0,35.5,144.15,37.0,32.0,77.0,18.0,0.0,2.0,11.0,23.0,11.0,12.0,3.0,59.0,664.0,28.0,4
630.0,20.0,77.0,65.0,17.0,22.0,20.0,35.5,144.15,32.0,31.0,77.0,32.0,0.0,6.0,21.0,41.0,16.0,16.0,4.0,64.0,421.0,33.0,4
480.0,10.0,77.0,50.0,14.1,16.1,12.1,3.775,9.52,16.1,25.0,60.0,23.1,0.0,3.1,16.1,33.0,11.0,10.1,3.0,47.0,29.0,18.1,4
460.1,10.0,77.0,58.9,8.7,20.2,23.9,6.8,25.5,18.1,50.8,93.5,30.6,0.0,12.6,20.7,33.9,16.1,14.8,3.5,22.1,636.0,14.2,4
488.3,0.035,77.0,56.8,9.4,21.6,28.6,9.8,23.9,18.6,53.0,88.2,20.3,0.0,12.1,14.9,22.1,13.7,13.9,1.4,29.3,992.8,13.2,4
580.0,30.0,77.0,59.0,13.0,14.0,15.0,35.5,144.15,13.0,33.0,79.0,22.0,0.0,6.0,13.0,25.0,13.0,12.0,3.0,26.0,400.0,17.0,4
560.0,10.0,77.0,60.0,13.1,21.0,21.0,35.5,144.15,22.0,26.0,78.0,22.0,0.0,4.1,14.0,25.01,12.1,13.0,3.0,52.0,215.0,26.0,4
0.0,99.2,77.0,139.4,3.7,24.37,14.71,0.0,0.0,189.21,2828.25,292.7,26.28,0.0,9.4,15.41,16.01,11.4,9.44,15.71,42.09,0.0,1452.78,0
55.0,2.35,77.0,648.0,320.0,31.0,44.0,0.0,0.0,15.0,10.0,71.0,27.0,0.0,7.0,14.0,26.0,14.0,61.0,10.0,26.0,14.0,26.0,2
500.85,9.0,77.0,1140.0,22.11,20.1,7.2,116.0,257.0,24.0,12.0,107.0,14.1,30.12,6.1,14.1,29.1,14.1,11.2,12.1,26.0,1900.1,3.2,1
966.7,4.535,77.0,31.0,5.5,13.5,9.5,0.0,0.0,32.8,20.0,73.9,18.4,1.9,7.6,9.2,20.9,10.5,10.1,4.5,89.0,2033.6,11.2,4
240.0,0.035,77.0,36.0,9.0,26.0,5.02,40.5,183.9,21.0,19.01,39.0,30.0,0.0,16.0,23.0,37.0,29.0,1.02,8.0,55.0,98.0,31.01,0
81.35,5.0,77.0,34.57,7.85,7.71,9.07,1.1,7.2,18.51,5.04,16.18,14.14,0.0,5.85,4.84,4.71,8.86,10.07,0.64,13.96,10.41,12.05,0
0.0,10.0,77.0,142.23,20.07,34.64,31.38,4.98,62.48,41.2,38.03,56.84,69.58,0.0,30.76,68.28,73.04,61.23,42.52,15.77,83.23,12.7,35.49,0
0.15,0.0,77.0,206.82,36.02,50.35,57.42,7.09,129.84,84.46,52.15,145.36,99.86,16.9,41.88,114.51,127.73,105.52,97.01,55.98,149.54,13.44,54.09,2
0.0,0.0,77.0,337.42,67.88,109.12,114.77,8.97,147.32,116.52,106.8,209.16,131.97,19.744999999999997,73.07,147.98,219.41,151.89,119.11,95.96,226.4,19.08,83.95,2
6.75,5.0,77.0,45.78,10.6,11.76,14.79,6.75,14.34,27.63,7.42,25.88,29.34,0.0,7.55,14.56,16.96,14.86,17.62,4.35,21.01,12.08,17.8,0
13.165,5.035,77.0,11.08,1.96,2.69,1.59,0.95,1.96,4.5,2.97,7.85,2.42,0.0,2.49,2.38,3.6,2.23,3.36,0.21,3.93,3.3,3.16,0
13.165,5.035,77.0,5.83,1.69,1.58,1.53,0.51,1.67,3.44,2.62,6.45,1.69,0.0,1.5,1.56,2.53,1.73,1.95,0.06,2.04,2.46,2.57,0
1.35,5.035,77.0,12.0,3.1,7.9,5.4,25.0,211.0,4.1,0.8,0.7,2.2,0.0,1.1,1.4,5.1,10.0,3.6,9.6,2.9,10.0,16.4,0
1.35,5.0,77.0,66.7,32.1,4.7,8.2,34.7,114.3,0.0,3.6,16.8,5.3,2.3,1.4,3.5,4.6,1.1,2.6,0.5,1.6,2.55,13.4,0
7.165,5.035,77.0,8.3,8.6,4.5,9.1,23.0,11.1,12.0,0.8,5.6,5.6,0.0,30.12,3.1,1.9,1.7,6.4,1.3,2.3,2.0,6.1,0
120.0,5.035,77.0,4.5,0.2,2.9,1.7,0.0,2.4,0.0,7.3,17.4,7.0,0.0,3.6,4.7,7.1,3.6,5.0,1.1,32.6,118.1,6.7,0
86.0,0.035,77.0,1.1,0.2,0.2,0.4,26.049999999999997,141.25,30.12,0.5,0.6,0.6,0.0,0.1,0.1,0.2,0.2,0.2,0.0,30.12,0.0,0.3,0
0.0,5.035,77.0,17.1,12.9,3.4,2.7,37.7,44.4,2.1,37.5,1.6,7.8,0.0,2.0,3.9,1.8,2.8,4.2,1.5,6.8,2.05,9.9,0
0.0,10.0,77.0,133.6,17.3,20.5,24.1,12.0,1.8,20.2,25.7,123.5,27.6,23.0,6.0,21.1,35.4,21.2,23.9,13.5,29.2,22.6,21.0,0
7.5,5.0,77.0,29.8,14.3,2.4,9.8,21.7,12.7,9.0,0.7,7.8,16.2,0.0,0.2,3.1,3.8,11.7,6.6,6.0,21.5,8.1,92.0,0
5.0,5.0,77.0,70.6,24.5,32.7,17.3,88.1,15.2,0.0,14.6,160.0,44.4,16.0,10.0,28.2,19.2,11.9,4.7,4.5,12.5,10.0,232.6,0
40.0,10.6,77.0,304.0,501.0,115.0,98.0,110.0,658.5,411.0,193.0,409.0,457.0,69.0,58.0,583.0,473.0,345.0,199.0,25.0,133.0,67.0,656.0,2
40.0,10.6,77.0,288.0,452.0,106.0,94.0,110.0,658.5,396.0,173.0,382.0,470.0,59.0,56.0,551.0,343.25,307.0,185.0,25.0,125.0,69.0,592.0,2
0.0,40.0,77.0,436.76,101.26,120.78,0.0,64.4,125.7,0.0,200.08,462.38,450.18,80.52,141.52,437.98,761.28,75.64,262.3,0.0,585.6,41.48,0.0,2
40.0,40.6,77.0,363.6,300.6,169.2,192.6,36.5,228.5,183.6,271.8,349.2,311.4,117.0,451.8,183.6,419.4,273.6,298.8,0.0,388.8,82.8,370.8,2
0.0,0.0,77.0,814.15,661.5,344.25,110.25,27.88,85.0,290.25,456.75,621.0,423.0,76.5,236.25,351.0,580.5,429.75,362.25,81.0,688.5,135.0,72.0,1
40.0,50.0,77.0,312.0,343.0,104.0,150.0,58.0,581.5,455.0,223.0,360.0,232.0,59.0,49.0,551.0,428.0,307.0,179.0,25.0,209.0,99.0,449.0,2
0.0,0.0,77.0,1550.0,470.0,229.0,97.0,115.0,0.0,167.0,438.0,808.0,450.0,158.0,167.0,338.0,752.0,366.0,385.0,53.2,627.0,43.0,6.2,3
0.0,40.0,77.0,620.61,362.4,229.52,163.08,46.0,60.5,0.0,173.65,406.19,372.97,96.64,220.46,318.16,463.57,157.04,173.65,0.0,555.68,190.26,15.1,2
0.0,0.0,77.0,335.0,162.0,162.0,109.0,0.0,73.66,112.0,119.0,246.0,207.0,14.0,155.0,119.0,153.0,120.0,36.0,62.53,305.0,153.0,14.0,2
0.0,0.0,77.0,336.0,116.0,128.0,20.0,0.0,173.65,53.0,136.0,341.0,241.0,9.0,143.0,114.0,137.0,83.0,36.0,62.53,381.0,65.0,5.0,2
0.0,40.0,77.0,512.85,234.7,155.17,13.15,5.0,60.5,0.0,157.8,305.08,239.33,0.0,99.94,194.62,362.94,186.73,136.76,0.0,320.86,57.86,34.19,2
0.0,0.0,77.0,988.1,559.65,481.75,418.2,27.88,0.0,55.35,328.0,686.75,649.85,250.1,395.65,506.35,709.3,0.0,266.5,0.0,1143.9,670.35,30.75,1
0.0,0.0,77.0,727.0,362.0,60.0,465.0,60.55,236.1,499.0,72.0,484.0,476.0,277.0,360.0,963.0,350.0,192.0,1039.0,12.5,595.0,44.0,349.0,1
40.0,40.0,77.0,466.0,355.0,213.0,216.0,0.0,0.0,108.0,218.0,306.0,260.0,0.0,148.0,275.0,437.0,0.0,178.0,0.0,395.0,185.0,294.0,2
0.0,0.0,77.0,1014.0,986.0,443.0,479.0,0.0,0.0,429.0,408.0,506.0,431.0,0.0,209.0,325.0,362.0,56.0,327.0,0.0,753.0,164.0,226.0,1
0.0,0.0,77.0,1079.44,762.2,393.46,337.84,27.88,0.0,214.24,257.5,646.84,537.66,201.88,861.08,442.9,721.0,127.72,391.4,0.0,795.16,451.14,0.0,1
0.0,0.0,77.0,950.0,760.0,460.0,360.0,66.0,0.0,230.0,340.0,700.0,590.0,58.52,230.0,360.0,450.0,50.0,310.0,90.0,890.0,320.0,0.0,1
0.0,0.0,77.0,1903.1,1150.0,700.0,610.0,0.0,0.0,330.0,460.0,1010.0,830.0,371.685,270.0,390.0,490.0,60.0,420.0,90.0,1360.0,460.0,80.0,3
0.0,0.0,77.0,1579.2,481.6,308.0,229.6,260.0,0.0,0.0,179.2,660.8,638.4,0.0,408.8,408.8,968.8,0.0,0.0,0.0,812.0,280.0,0.0,3
0.0,0.0,77.0,828.4,478.8,304.0,191.52,37.879999999999995,85.0,65.36,293.36,506.16,503.12,117.04,255.36,275.44,580.64,141.36,224.96,0.0,808.64,194.56,0.0,1
0.0,5.035,77.0,10.0,0.0,17.1,6.1,25.6,94.65,26.1,28.1,29.0,2.1,0.35,1.0,31.12,2.1,1.1,31.12,2.0,18.1,10.1,5.0,0
0.0,0.0,77.0,321.9,165.6,8.9,13.2,0.0,2.0,13.1,4.2,70.7,6.7,0.0,0.0,5.6,10.6,6.5,3.8,0.0,28.7,4.1,0.0,2
110.0,5.035,77.0,12.4,0.0,7.0,10.2,0.0,0.0,0.0,3.0,34.4,3.3,0.0,0.0,1.6,7.4,0.0,0.0,0.0,22.3,2.4,0.0,0
737.0,20.0,77.0,69.0,16.0,21.5,20.5,4.9,11.95,26.5,27.5,88.5,19.5,0.0,4.5,11.5,23.5,12.5,13.0,3.0,54.5,714.5,28.0,4
1900.4,0.035,77.0,46.5,6.2,15.7,10.6,25.3,111.05,10.1,20.6,42.9,8.2,0.0,5.8,7.8,13.2,9.4,17.0,1.25,14.7,458.0,9.1,4
1264.8,10.035,77.0,55.5,11.1,24.8,23.1,40.5,183.9,30.7,40.1,63.2,23.1,0.0,17.1,14.5,24.8,15.4,11.1,5.1,15.2,1167.0,19.6,4
129.0,0.035,77.0,17.9,3.5,9.5,6.5,24.8,115.95,10.7,11.6,20.4,8.6,0.0,6.3,5.8,9.7,7.0,5.3,2.1,15.1,362.0,6.3,0
117.0,10.0,77.0,237.6,91.8,100.2,90.4,40.0,164.95,73.6,93.9,190.7,108.7,0.0,54.7,75.7,131.1,75.7,87.6,28.7,137.4,835.6,110.8,2
0.0,0.0,77.0,195.0,108.0,65.0,90.0,0.0,70.0,67.0,69.0,108.0,84.0,15.0,40.0,64.0,132.0,53.0,60.0,20.0,104.0,39.0,85.0,2
105.165,5.035,77.0,8.0,1.0,5.0,13.0,33.0,142.055,4.0,48.0,20.0,3.0,0.0,1.0,1.0,2.0,1.0,1.0,0.0,20.0,12.0,6.0,0
0.0,0.0,77.0,242.0,48.0,7.0,13.0,20.0,130.0,19.0,1.0,6.0,2.0,0.0,0.0,2.0,1.0,0.0,7.0,0.0,3.0,7.0,1.0,2
0.0,2.35,77.0,398.0,37.0,5.0,4.0,23.0,130.0,7.0,0.0,5.0,0.0,0.0,0.0,1.0,2.0,0.0,2.0,0.0,5.0,5.0,2.0,2
230.0,0.035,77.0,6.0,1.0,3.0,2.0,0.0,0.0,2.0,21.0,16.0,4.0,0.0,1.0,3.0,5.0,2.0,2.0,0.0,58.0,1.0,9.0,0
40.0,40.0,77.0,381.0,213.0,15.0,17.0,23.4,70.235,81.0,215.0,701.0,379.0,523.0,92.0,396.0,580.0,38.0,394.0,14.55,445.0,0.0,0.0,2
256.5,5.035,77.0,3.0,1.0,5.0,3.0,22.5,0.5,7.0,22.0,16.0,6.0,0.0,2.0,3.0,5.0,2.0,1.0,0.6499999999999999,25.0,197.0,5.0,0
7.5,5.035,77.0,8.4,30.3,31.3,3.2,0.0,0.0,7.0,2.0,14.0,22.1,56.0,30.12,4.1,12.0,19.1,16.1,30.12,26.2,16.1,709.0,0
0.0,5.035,77.0,26.6,2.4,7.5,25.4,32.8,156.1,7.05,13.1,42.6,22.3,0.0,12.7,9.4,15.1,12.7,29.7,21.5,17.6,30.7,1.1,0
1.35,5.035,77.0,10.3,30.1,13.8,28.5,239.3,107.3,3.2,1.6,7.1,16.3,0.3,0.15,6.6,3.3,6.1,2.8,0.0,2.15,6.3,4.4,0
1.35,5.035,77.0,19.1,61.5,14.1,63.5,237.7,108.9,37.0,6.2,17.4,13.3,0.0,2.5,4.9,3.0,2.8,2.1,0.5,1.7,6.2,48.2,0
6.0,5.035,77.0,11.0,1.4,4.2,3.0,4.2,15.0,68.0,1.5,11.0,3.2,0.6,1.5,2.2,31.12,0.6,2.3,1.9,0.9,2.1,6.2,0
81.35,5.0,77.0,26.0,8.1,1.1,3.0,57.25,32.85,2.0,1.5,4.1,5.0,0.0,0.6,3.5,3.5,3.8,10.2,1.0,2.9,0.8,1.5,0
275.0,10.0,77.0,36.4,16.2,6.8,83.5,611.0,43.6,37.4,7.2,8.6,40.3,0.0,2.1,19.4,14.2,4.0,17.2,10.6,20.4,18.9,43.2,0
1.35,5.0,77.0,49.0,24.0,14.1,27.2,0.0,0.0,15.0,8.1,13.2,3.3,4.1,4.1,29.1,2.2,7.1,23.1,12.0,14.2,24.1,19.4,0
0.0,5.035,77.0,36.9,176.4,26.7,30.8,0.0,9.5,55.7,7.5,25.1,11.6,3.7,1.9,1.2,2.9,1.4,2.6,0.5,5.8,2.7,17.5,0
0.0,10.0,77.0,96.4,193.8,20.7,86.4,299.0,0.0,66.7,18.7,129.9,42.1,5.5,11.2,7.7,30.8,12.0,17.1,1.2,52.8,17.0,4.7,0
39.805,5.035,77.0,24.7,12.8,20.4,39.1,15.06,0.0,28.5,8.1,44.3,12.7,2.4,2.8,2.3,5.4,3.0,3.1,0.0,10.9,4.1,13.9,0
0.7,10.0,77.0,79.4,316.6,27.1,60.1,25.65,0.0,71.8,12.9,87.9,24.3,3.9,5.4,2.8,9.1,4.0,6.8,0.7,21.0,8.5,51.3,0
0.0,10.0,77.0,96.4,193.8,20.7,86.4,322.05,0.0,66.7,18.7,129.9,42.1,5.5,11.2,7.7,30.8,12.0,18.0,1.2,52.8,17.0,186.0,0
0.0,5.035,77.0,10.0,0.0,0.0,0.0,0.0,31.5,5.0,1.0,14.0,1.0,0.0,0.0,0.0,1.0,0.0,0.0,0.0,0.0,0.0,18.0,0
80.0,5.035,77.0,15.4,3.1,12.1,3.1,0.0,0.0,10.0,10.1,24.2,17.1,0.0,2.0,9.1,13.1,18.0,13.0,4.0,17.0,6.0,17.4,0
6.75,5.035,77.0,31.8,21.3,10.8,14.4,49.2,117.2,6.6,1.5,8.9,12.8,0.3,1.55,6.3,6.3,3.8,5.8,0.0,5.5,0.0,8.5,0
114.1,5.035,77.0,4.3,5.6,0.7,2.3,9.9,6.0,0.4,0.4,2.1,1.1,0.0,0.0,30.12,30.12,1.4,31.12,0.6,0.4,0.7,1.5,0
0.0,0.0,77.0,184.5,124.9,22.1,82.4,53.5,0.0,3.0,2.1,20.2,8.2,0.0,1.0,7.5,3.2,8.5,14.2,0.5,10.1,6.6,38.9,0
0.0,0.0,77.0,214.3,172.9,29.1,114.3,23.6,99.0,11.0,3.8,24.7,14.2,0.0,5.0,11.7,10.7,16.3,24.8,0.5,13.1,7.6,64.2,2
5.0,1.25,77.0,217.4,245.8,48.0,202.0,26.200000000000003,74.2,17.5,5.0,28.3,18.9,1.5,5.0,14.4,15.5,25.7,31.4,19.0,28.7,10.3,198.1,2
103.66,15.0,77.0,328.0,308.0,180.0,157.0,38.0,711.0,1580.0,550.0,710.0,260.0,0.0,120.0,180.0,350.0,190.0,170.0,40.0,310.0,40.0,1685.0,2
8.66,10.0,77.0,280.0,263.0,56.96,128.0,28.0,588.0,870.015,290.165,45.65,195.60500000000002,0.0,81.56,119.45,279.935,118.825,61.155,24.695,116.39999999999999,34.894999999999996,1240.0,2
103.66,15.0,77.0,327.0,311.0,180.0,140.0,36.0,824.0,1580.0,550.0,710.0,260.0,0.0,120.0,180.0,350.0,190.0,170.0,40.0,310.0,40.0,1620.0,2
1.35,0.0,77.0,42.0,46.0,4.0,8.0,10.0,29.0,1.0,0.0,5.0,2.0,0.0,0.0,2.0,2.0,2.0,1.0,1.0,2.0,2.0,38.0,0
5.0,0.0,77.0,507.0,525.0,47.0,101.0,129.0,377.0,13.0,4.0,57.0,21.0,0.0,2.0,22.0,26.0,26.0,22.0,20.0,42.0,28.0,784.0,2
10.0,0.0,77.0,316.0,364.0,36.0,81.0,23.75,142.65,14.0,2.0,39.0,18.0,3.0,1.0,16.0,20.0,26.0,25.0,29.0,25.0,13.0,257.0,2
7.5,10.0,77.0,226.0,186.0,56.96,86.0,22.0,528.0,271.515,462.165,45.65,72.605,0.0,28.06,31.95,109.435,28.825,61.155,4.695,116.39999999999999,20.395,942.0,2
103.66,59.6,77.0,582.0,672.0,180.0,159.0,269.0,792.0,1580.0,550.0,710.0,260.0,0.0,120.0,180.0,350.0,190.0,170.0,40.0,310.0,40.0,2055.0,2
7.5,10.0,77.0,310.0,270.0,56.96,100.0,30.0,600.0,86.515,15.379999999999999,45.65,65.905,0.0,21.759999999999998,29.7,105.25,24.015,61.155,14.695,116.39999999999999,32.795,1110.0,2
7.5,10.0,77.0,255.0,255.0,38.25,135.0,31.0,688.0,285.515,111.66499999999999,39.3,294.105,64.0,50.56,320.95,109.435,196.325,19.15,4.695,31.95,48.394999999999996,850.0,2
103.66,10.0,77.0,510.0,630.0,180.0,153.0,227.0,702.0,1580.0,550.0,710.0,260.0,0.0,120.0,180.0,350.0,190.0,170.0,40.0,310.0,40.0,1402.0,2
7.5,10.0,77.0,274.0,220.0,56.96,104.0,30.0,650.0,271.515,462.165,45.65,72.605,34.5,28.06,31.95,109.435,28.825,61.155,4.695,116.39999999999999,20.395,954.0,2
0.0,5.035,77.0,22.0,23.0,2.0,4.0,5.0,15.0,0.0,0.0,2.0,0.0,0.0,0.0,0.0,0.0,0.0,0.0,0.0,1.0,0.0,23.0,0
8.66,15.0,77.0,263.0,253.0,56.96,112.0,30.0,661.0,870.015,290.165,45.65,65.905,0.0,81.56,29.7,279.935,118.825,61.155,24.695,116.39999999999999,34.894999999999996,1244.0,2
103.66,10.0,77.0,471.0,561.0,43.65,152.0,154.0,622.0,255.0,238.0,49.65,227.0,35.5,106.0,220.0,188.0,138.5,20.45,30.0,35.8,64.0,1090.0,2
7.5,10.0,77.0,267.0,218.0,56.96,110.0,31.0,721.0,271.515,462.165,45.65,72.605,34.5,28.06,31.95,109.435,28.825,61.155,4.695,116.39999999999999,20.395,906.0,2
0.0,5.035,77.0,15.0,16.0,1.0,3.0,4.0,11.0,0.0,0.0,2.0,0.0,0.0,0.0,0.0,0.0,0.0,0.0,0.0,0.0,0.0,17.0,0
7.5,0.0,77.0,34.0,36.0,4.0,8.0,11.0,29.0,0.0,0.0,4.0,2.0,0.0,0.0,2.0,2.0,2.0,2.0,2.0,4.0,3.0,93.0,0
45.0,40.0,77.0,406.0,435.0,31.95,106.0,73.0,457.0,143.06,28.82,34.6,71.87,60.0,226.4,90.58,171.9,101.03,16.2,19.355,15.25,13.815000000000001,344.0,2
45.0,40.0,77.0,433.0,436.0,110.5,115.0,96.0,706.0,403.5,183.0,395.5,463.5,64.0,57.0,567.0,280.0,326.0,192.0,10.0,129.0,68.0,683.0,2
5.0,10.0,77.0,401.0,495.0,110.5,112.0,124.0,611.0,403.5,183.0,395.5,463.5,64.0,57.0,567.0,280.0,326.0,192.0,10.0,129.0,68.0,708.0,2
45.0,0.375,77.0,1490.0,480.0,50.0,100.0,91.5,98.83500000000001,20.0,0.0,50.0,20.0,0.0,0.0,20.0,20.0,30.0,30.0,20.0,30.0,20.0,380.0,3
103.66,15.0,77.0,372.0,318.0,180.0,137.0,45.0,1582.0,1580.0,550.0,710.0,260.0,0.0,120.0,180.0,350.0,190.0,170.0,40.0,310.0,40.0,1440.0,2
103.66,15.0,77.0,332.0,274.0,126.81,145.0,31.0,1081.0,870.015,290.165,379.5,195.60500000000002,0.0,81.56,119.45,279.935,118.825,136.70499999999998,24.695,256.6,34.894999999999996,1224.0,2
7.5,15.0,77.0,320.0,279.0,94.31,147.0,42.0,1089.0,285.515,111.66499999999999,229.0,294.105,64.0,50.56,320.95,109.435,196.325,151.20499999999998,4.695,168.1,48.394999999999996,1012.0,2
0.0,0.0,77.0,199.3,227.0,27.7,62.3,32.9,39.3,11.0,6.9,29.1,16.1,0.0,5.0,9.35,15.85,20.65,26.4,0.5,19.6,10.8,43.1,2
10.0,2.35,77.0,261.7,219.5,27.1,72.5,28.6,148.4,17.0,4.4,30.1,16.549999999999997,1.5,4.5,13.05,13.1,21.0,20.2,14.5,14.4,8.95,196.0,2
0.0,2.35,77.0,253.1,191.1,24.1,63.6,14.3,158.7,16.5,5.699999999999999,20.8,11.76,0.0,4.0,8.45,6.949999999999999,12.0,18.7,1.5,14.9,7.23,26.4,2
0.0,0.0,77.0,190.1,207.7,27.4,51.7,21.3,37.0,12.0,6.9,29.1,16.1,0.0,4.0,9.35,15.85,20.65,24.0,0.0,28.4,10.8,23.4,2
0.0,0.0,77.0,243.5,262.2,26.9,71.5,30.4,50.0,20.5,6.9,26.1,16.1,0.0,8.5,9.35,15.85,20.65,23.0,4.5,15.5,10.8,55.3,2
10.0,2.35,77.0,328.1,242.2,32.7,69.0,23.8,214.2,19.0,3.5,22.7,18.45,1.5,15.5,15.2,17.75,25.85,38.5,14.5,31.3,11.65,242.7,2
10.0,1.25,77.0,302.7,204.0,27.1,86.8,15.6,323.0,37.0,3.5,36.2,18.45,1.5,1.5,15.2,17.75,25.85,11.6,15.5,13.8,11.65,308.9,2
10.0,11.25,77.0,252.1,311.2,34.8,95.4,23.7,285.3,40.35,3.5,30.3,18.45,4.25,6.1,15.2,17.75,25.85,20.6,15.1,15.7,11.65,325.3,2
10.0,1.25,77.0,416.9,316.7,35.4,119.3,21.8,599.7,143.06,28.82,40.5,71.87,7.5,21.5,90.58,171.9,101.03,11.1,19.355,17.8,13.815000000000001,450.2,2
63.5,3.6,77.0,441.1,352.0,27.9,102.0,18.2,396.8,143.06,28.82,30.2,71.87,7.5,21.5,90.58,171.9,101.03,7.4,19.355,5.5,13.815000000000001,245.5,2
189.0,10.0,77.0,320.3,222.4,36.2,98.8,22.9,359.2,308.015,423.165,36.3,75.155,1.0,26.61,33.0,112.485,30.875,19.4,14.695,34.3,22.395,739.7,2
10.0,2.35,77.0,275.5,197.2,27.5,77.2,18.8,233.3,173.85,3.5,29.2,18.45,1.5,1.5,15.2,17.75,25.85,9.1,15.5,20.9,11.65,323.8,2
7.5,10.0,77.0,238.6,161.0,31.2,75.0,19.7,228.8,394.85,408.5,27.7,11.5,4.0,13.55,3.8499999999999996,8.05,10.85,18.8,4.695,32.3,10.85,541.5,2
189.0,0.0,77.0,339.0,240.8,37.7,106.0,21.8,311.0,86.515,17.165,33.4,76.105,1.0,22.56,40.45,117.935,36.825,17.1,14.695,32.2,28.895,726.8,2
189.0,10.0,77.0,367.2,236.5,40.3,110.5,26.9,454.7,86.515,17.165,42.3,76.105,0.0,22.56,40.45,117.935,36.825,18.9,14.695,29.6,28.895,909.0,2
7.5,99.2,77.0,1006.0,982.0,49.89,286.0,422.0,310.0,102.015,37.54,140.125,71.625,0.0,51.019999999999996,60.184999999999995,136.715,8.95,99.995,12.545,96.64,54.239999999999995,2597.0,1
103.66,0.0,77.0,934.0,883.0,49.89,242.0,253.0,206.0,812.0,312.04,484.175,199.675,0.0,89.46000000000001,149.885,311.21500000000003,100.15,99.995,40.0,251.24,59.345,1994.0,1
103.66,0.0,77.0,911.0,845.0,49.89,216.0,284.0,192.0,812.0,312.04,484.175,199.675,0.0,89.46000000000001,149.885,311.21500000000003,100.15,99.995,40.0,251.24,59.345,1891.0,1
103.66,0.0,77.0,911.0,845.0,49.89,216.0,284.0,192.0,812.0,312.04,484.175,199.675,0.0,89.46000000000001,149.885,311.21500000000003,100.15,99.995,40.0,251.24,59.345,1891.0,1
0.0,5.035,77.0,7.7,16.9,13.2,14.5,0.0,30.12,670.0,27.8,18.7,3.7,10.0,40.0,600.0,980.0,160.0,24.4,14.5,5.3,9.4,18.6,0
5.4,5.035,77.0,16.8,22.1,2.9,13.1,128.8,11.5,85.9,1.3,20.1,1.9,0.0,0.0,0.5,0.4,0.0,1.8,0.0,3.1,1.8,29.6,0
0.0,5.035,77.0,11.9,24.5,19.12,16.12,30.25,128.55,4.12,287.0,555.0,8.1,26.2,20.9,820.0,117.5,2.12,14.1,10.5,12.4,15.6,28.1,0
1.35,5.035,77.0,15.4,5.1,6.2,5.4,49.2,145.55,4.7,2.0,3.0,5.5,1.4,2.9,5.0,12.1,9.2,10.1,6.05,8.7,1.5,8.2,0
0.0,0.035,77.0,0.2,30.12,30.12,30.12,30.25,128.55,30.12,0.0,30.12,30.12,0.3,30.12,30.12,0.0,30.12,0.0,8.05,30.12,30.12,30.12,0
1.35,5.0,77.0,45.8,15.2,18.6,16.2,23.875,96.67,14.1,6.0,9.3,16.6,3.5,8.8,15.1,36.2,27.4,32.0,0.5,26.1,4.6,24.5,0
0.0,0.0,77.0,143.0,90.0,30.0,39.0,47.55,298.0,16.0,20.0,148.0,28.0,10.0,6.0,26.0,42.0,20.0,32.0,7.0,49.0,35.0,126.0,0
0.0,15.0,77.0,90.0,18.0,44.0,50.0,118.0,168.25,102.0,411.0,152.0,89.0,3.0,57.0,69.0,36.0,88.0,115.0,37.0,140.0,28.0,271.0,0
0.0,5.035,77.0,22.0,10.0,12.0,23.0,34.0,158.4,383.0,894.0,158.0,14.0,4.0,13.0,5.0,9.0,10.0,7.0,0.0,10.0,11.0,786.0,0
0.0,5.035,77.0,31.0,19.0,13.0,18.0,113.0,183.9,529.0,575.0,141.0,12.0,3.0,17.0,5.0,9.0,19.0,6.0,0.0,11.0,13.0,663.0,0
240.0,5.0,77.0,70.0,36.0,26.0,37.0,26.095,8.345,26.0,64.0,59.0,31.0,0.0,13.0,27.0,48.0,26.0,35.0,5.8,69.0,10.0,49.0,0
39.805,5.035,77.0,21.1,2.1,11.1,15.1,20.4,96.75,9.1,17.0,42.0,11.1,1.1,7.0,7.1,14.0,9.1,7.1,1.85,44.0,2.1,20.0,0
6.0,5.035,77.0,2.6,1.8,1.8,8.3,5.9,134.0,8.8,0.4,11.1,2.5,0.0,0.0,1.6,2.0,1.2,8.2,0.2,0.3,1.6,1.3,0
6.0,0.035,77.0,1.0,3.1,5.7,5.8,10.0,51.0,5.1,0.6,2.2,4.6,0.0,0.3,2.5,0.8,2.7,1.3,1.4,0.7,2.1,2.2,0
60.0,0.035,77.0,15.0,2.0,5.0,7.0,0.0,0.0,4.0,11.0,55.0,4.0,0.0,1.0,2.0,4.0,2.0,2.0,0.0,7.0,4.0,6.0,0
0.0,5.035,77.0,21.0,1.1,12.1,17.1,18.0,40.0,63.0,288.0,47.0,14.1,3.0,10.1,10.1,17.1,6.1,7.1,30.12,21.1,7.1,360.0,0
0.0,5.035,77.0,38.7,4.5,6.5,8.6,37.8,195.6,456.0,669.2,99.5,20.9,3.4,1.3,15.8,14.7,17.4,18.6,10.7,24.6,25.8,936.0,0
272.0,5.035,77.0,13.0,1.0,15.0,3.0,25.6,94.65,6.0,10.0,21.0,6.0,15.06,1.0,1.0,5.0,1.0,1.0,0.6499999999999999,54.0,289.0,3.0,0
7.5,5.035,77.0,18.4,8.1,22.3,4.4,36.2,98.95,83.0,174.0,7.4,5.2,1.5,13.0,17.1,23.1,25.2,25.1,19.1,16.3,22.1,299.0,0
7.5,5.035,77.0,3.1,6.3,4.1,1.4,45.0,10.4,0.8,0.4,2.5,1.8,0.0,0.0,3.3,5.1,2.1,9.6,6.1,1.3,6.1,199.0,0
0.0,5.035,77.0,12.9,7.1,3.3,3.6,93.6,17.5,1.8,1.7,2.1,3.5,0.0,0.3,2.4,1.3,2.9,1.3,0.0,1.2,1.6,31.12,0
1.35,5.035,77.0,25.1,10.8,6.4,15.7,9.6,43.1,3.4,1.1,18.1,6.4,0.0,1.7,4.5,7.2,4.5,5.5,0.0,5.5,1.7000000000000002,6.2,0
80.0,5.035,77.0,13.0,6.7,7.4,17.1,6.3,37.05,0.0,2.3,22.5,6.9,0.0,0.4,2.0,3.9,4.6,3.5,0.0,2.7,1.4,8.1,0
136.005,0.035,77.0,0.3,1.1,31.12,3.8,3.6,34.0,0.5,0.4,0.4,0.9,0.0,0.0,0.8,1.4,0.8,1.6,1.0,0.4,0.8,1.2,0
1.35,5.0,77.0,20.9,17.2,8.9,22.3,139.5,25.400000000000002,0.0,2.5,25.1,8.7,0.0,0.3,2.9,5.2,5.2,4.6,0.0,3.3,1.3,5.9,0
0.0,5.0,77.0,30.3,17.1,4.1,6.1,18.85,116.60000000000001,2.1,28.6,14.3,3.1,0.0,3.0,2.1,4.1,2.55,3.0,3.0,6.0,2.1,21.2,0
6.0,5.035,77.0,4.7,4.8,4.2,5.6,3.6,44.0,1.7,1.3,8.5,7.2,0.0,30.12,4.9,1.1,1.3,0.5,0.0,0.6,1.3,8.4,0
0.0,2.5,77.0,201.9,116.9,1.2,54.4,57.1,438.5,41.6,28.7,136.7,79.8,5.0,27.2,42.9,18.0,17.2,13.6,0.0,9.5,6.6,62.6,2
1.35,10.0,77.0,66.5,12.5,7.5,5.7,16.1,225.0,2.9,1.6,18.0,10.4,0.0,0.7,2.9,0.4,0.3,0.8,0.0,0.4,2.9,16.4,0
211.0,5.035,77.0,7.1,2.0,3.1,4.0,33.099999999999994,4.8,3.0,7.0,16.1,5.1,30.12,1.0,2.1,5.1,4.0,4.0,1.4,18.1,273.0,5.0,0
1.4,5.035,77.0,7.4,20.9,1.2,45.2,25.1,69.1,2.0,79.6,24.1,10.5,14.4,3.0,5.3,3.9,47.1,47.9,0.6499999999999999,30.7,162.9,71.4,0
310.0,5.0,77.0,224.0,95.0,107.0,73.0,40.0,99.92,44.0,60.0,140.0,113.0,19.4,74.0,80.0,167.0,75.0,104.0,37.989999999999995,171.0,140.0,70.0,2
0.7,5.035,77.0,1.8,19.3,28.2,18.1,30.25,128.55,2.75,50.0,24.5,6.4,0.55,63.0,6.3,8.5,11.2,25.3,0.6499999999999999,1.6,184.0,8.05,0
13.165,5.035,77.0,10.8,5.6,2.2,2.8,3.8,5.2,0.0,0.0,2.8,3.8,0.23,0.215,2.7,1.6,1.8,3.1,0.8,2.2,0.0,0.0,0
40.0,40.0,77.0,360.0,150.0,130.0,140.0,10.0,73.66,140.0,100.0,260.0,190.0,13.745,80.0,150.0,270.0,80.0,140.0,29.1,350.0,80.0,70.0,2
0.0,0.0,77.0,77.09,5.46,32.06,41.66,8.19,2.69,45.59,26.76,100.49,47.7,0.0,21.85,39.29,59.59,27.59,30.59,5.6,90.82,18.23,53.0,0
13.5,5.035,77.0,55.0,9.2,9.1,3.2,28.0,102.0,206.0,1.1,24.1,2.2,0.0,30.12,20.1,16.1,8.1,17.1,11.0,12.1,10.1,34.0,0
0.0,0.0,77.0,240.1,17.8,25.2,9.8,26.05,121.5,50.6,5.9,29.6,10.8,0.0,1.8,8.1,12.7,4.2,9.1,6.9,9.9,5.5,11.1,2
240.0,15.0,77.0,132.2,7.1,33.3,20.2,47.4,82.69,83.1,9.7,46.2,25.6,30.12,2.6,21.4,42.1,20.7,36.2,4.55,15.4,3.3,14.2,0
245.4,5.0,77.0,89.5,8.5,3.52,14.8,43.4,58.589999999999996,37.9,9.5,43.6,27.3,7.1,3.8,17.9,18.8,4.6,12.2,2.175,20.3,5.8,28.1,0
0.0,15.0,77.0,80.0,8.0,47.0,66.0,136.0,97.5,370.0,700.0,187.0,62.0,4.0,52.0,65.0,105.0,49.0,53.0,15.0,63.0,20.0,527.0,0
0.0,15.0,77.0,75.0,7.0,31.0,46.0,143.0,144.15,319.0,741.0,176.0,56.0,1.72,43.0,48.0,72.0,50.0,42.0,14.0,45.0,0.0,10.0,0
7.165,15.0,77.0,75.0,7.0,13.0,20.0,49.0,144.15,32.0,293.0,74.0,16.0,1.72,8.0,14.0,25.0,23.0,20.0,14.0,27.0,15.0,170.0,0
0.0,10.0,77.0,19.5,31.75,9.65,42.25,133.85,64.45,86.5,187.1,45.2,16.15,0.0,6.0,8.45,11.0,11.4,5.05,0.5,11.85,37.1,243.6,0
1.35,5.035,77.0,2.3,9.3,4.7,10.0,26.0,78.0,4.2,0.9,14.1,6.4,0.0,0.9,3.1,3.1,2.2,3.9,0.7,0.7,2.1,16.1,0
1.35,0.035,77.0,1.0,4.4,8.5,29.0,80.0,28.0,4.6,0.8,7.1,9.7,0.0,0.0,4.5,1.6,0.2,3.6,1.2,1.2,2.1,5.2,0
7.5,5.035,77.0,29.0,9.0,18.0,21.0,34.3,158.4,52.0,15.0,43.0,19.0,16.0,13.0,13.0,25.0,8.0,8.0,6.35,14.0,8.0,201.0,0
7.165,0.035,77.0,4.72,4.72,1.62,0.59,90.9,16.25,0.1,0.3,1.15,0.89,0.84,0.77,1.18,1.26,0.82,3.27,1.9000000000000001,0.62,0.18,19.56,0
7.5,5.035,77.0,13.0,15.0,14.0,20.0,14.0,47.0,21.0,0.4,4.4,12.0,0.0,0.0,7.0,5.9,8.8,6.8,7.1,6.1,11.0,52.0,0
45.0,1.425,77.0,1608.0,823.3,3.33,10.67,10.65,67.485,49.0,4.0,52.0,6.67,0.0,2.0,4.33,4.0,5.0,3.0,10.0,4.33,0.33,4.67,3
15.0,16.05,77.0,3049.0,1444.0,19.0,23.0,10.65,3.65,156.0,7.0,100.0,25.0,0.0,13.0,13.0,8.0,18.0,33.0,0.0,17.0,0.6,0.0,3
55.0,4.875,77.0,1257.0,351.0,3.0,9.0,58.0,163.5,44.0,3.0,77.0,18.0,15.06,0.0,0.0,2.0,4.0,5.0,7.05,3.0,963.05,5.0,1
45.0,4.875,77.0,1399.0,338.0,4.0,10.0,58.0,163.5,44.0,4.0,86.0,16.0,15.06,0.0,0.0,2.0,7.0,4.0,7.05,6.0,963.05,4.0,1
15.0,1.425,77.0,1909.4,1905.12,16.1,27.1,10.65,67.485,166.0,7.1,158.0,3.2,0.0,9.1,11.0,10.0,5.1,19.1,0.0,4.0,0.765,30.12,3
15.0,2.1,77.0,1904.1,1471.1,9.2,23.6,21.3,7.3,86.8,6.2,93.9,9.5,0.0,2.2,2.0,2.0,6.8,4.1,0.0,8.0,1.2,2.2,3
15.0,4.875,77.0,1904.02,468.0,26.0,18.1,58.0,98.83500000000001,116.0,8.0,187.0,28.0,0.0,8.1,9.0,4.0,7.0,3.01,12.0,19.0,21.165,6.0,3
45.0,0.75,77.0,1440.05,868.49,9.15,11.8,10.65,127.67,64.84,5.34,67.88,3.89,0.0,1.5,2.24,2.71,7.75,14.01,0.0,8.37,1.88,1.43,1
0.0,15.0,77.0,115.0,3.0,10.0,24.1,18.1,133.4,456.0,816.0,66.0,19.1,4.0,10.1,7.1,15.1,14.1,5.0,0.0,15.0,15.0,629.0,0
0.0,5.035,77.0,36.8,16.0,0.0,10.7,23.8,191.9,217.0,1754.0,103.8,11.1,3.4,2.8,5.2,11.6,14.5,15.0,5.7,27.0,51.1,992.0,0
0.0,5.035,77.0,30.0,4.0,56.0,82.0,61.0,184.0,533.0,390.0,118.0,63.0,2.0,48.0,41.0,78.0,32.0,40.0,0.0,105.0,25.0,668.0,0
0.0,5.035,77.0,15.2,19.0,27.0,31.1,15.0,2.3,18.1,4.2,13.3,1.2,0.0,18.0,23.0,40.0,18.0,21.1,6.0,12.2,15.0,29.1,0
1.35,5.035,77.0,9.3,46.1,2.9000000000000004,20.6,43.7,3.3,15.4,1.1,10.9,1.5,0.0,0.0,0.65,0.5,1.1,2.5,0.0,1.4,0.75,5.1,0
6.0,5.035,77.0,9.1,3.0,4.9,5.7,21.0,102.0,2.25,0.4,2.5,5.7,0.0,0.0,4.2,2.7,2.7,3.3,1.2,0.8,0.3,2.8,0
0.0,10.0,77.0,158.0,73.0,0.0,0.0,153.0,0.0,8.0,7.0,19.0,11.0,0.0,1.0,2.0,2.0,3.0,4.0,2.0,5.0,13.0,84.0,0
99.35,5.035,77.0,10.0,3.0,7.0,10.0,66.0,282.0,5.395,1.115,5.0,5.0,0.7,1.6199999999999999,7.0,7.0,6.505,4.0,2.35,10.155,3.0,5.0,0
98.0,5.035,77.0,7.0,2.0,3.0,2.0,51.0,73.0,0.125,0.8500000000000001,2.0,0.0,0.12,0.13,2.0,1.0,0.82,1.0,0.8,0.0,0.0,1.0,0
0.0,5.035,77.0,14.2,6.1,4.1,14.1,73.0,3.6,5.0,0.0,6.1,5.1,0.0,0.0,4.1,4.1,1.1,1.1,0.0,2.1,5.0,15.1,0
65.85,5.0,77.0,30.5,24.4,6.1,8.5,34.5,21.2,43.25,0.4,12.7,7.6,0.0,0.55,5.5,6.7,1.4,7.3,15.06,2.2,2.05,7.7,0
7.5,5.035,77.0,6.5,7.5,1.2,1.8,6.1,41.0,15.4,22.0,1.8,1.1,0.0,0.8,0.6,1.0,0.9,1.1,0.8,1.7,2.0,154.0,0
112.75,0.035,77.0,1.3,25.1,5.1,8.6,13.0,18.3,1.0,0.5,3.6,2.8,0.0,2.1,2.8,6.0,5.1,2.9,0.0,0.7,14.0,20.0,0
7.165,5.035,77.0,13.9,9.3,0.0,1.3,32.4,9.1,0.85,0.7,3.7,1.2,0.0,0.25,0.6000000000000001,0.7,1.12,0.6000000000000001,0.8,0.33,0.1,0.65,0
5.0,5.035,77.0,12.4,2.2,13.0,23.0,1079.0,0.0,12.0,1.1,15.0,25.0,0.0,16.0,13.0,7.0,15.0,4.1,3.1,12.1,17.0,206.0,0
5.4,5.035,77.0,5.4,8.9,19.0,21.0,211.0,257.0,41.0,3.2,44.0,25.0,0.0,11.0,15.0,11.0,34.0,8.2,9.6,8.8,16.0,157.0,0
0.0,20.0,77.0,222.0,39.0,24.0,20.0,11.0,15.0,12.0,9.0,163.0,20.0,0.0,3.0,9.0,11.0,5.0,7.0,3.0,15.0,7.0,7.0,2
0.0,10.0,77.0,99.0,89.0,22.0,29.0,11.0,0.0,9.0,9.0,183.0,17.0,0.0,4.0,4.0,9.0,4.0,6.0,2.0,10.0,9.0,3.0,0
240.0,5.0,77.0,107.0,70.0,7.0,12.0,9.0,7.0,5.0,4.0,66.0,15.0,0.0,3.0,6.0,8.0,21.0,9.0,8.0,14.0,12.0,24.0,0
282.0,0.035,77.0,18.0,0.0,11.0,6.0,25.6,94.65,26.0,7.0,26.0,16.0,0.0,2.0,7.0,14.0,7.0,4.0,0.6,93.0,676.0,11.0,0
179.0,0.035,77.0,4.0,1.0,10.0,4.0,38.6,141.25,13.0,20.0,22.0,2.0,0.0,0.0,2.0,3.0,2.0,1.0,0.25,128.0,1.0,20.0,0
15.0,16.05,77.0,2980.0,760.0,10.0,20.0,10.65,0.0,70.0,0.0,180.0,10.0,0.0,0.0,0.0,0.0,0.0,0.0,0.0,0.0,0.0,0.0,3
45.0,1.425,77.0,1608.0,823.3,3.33,10.67,10.65,67.485,49.0,4.0,52.0,6.67,0.0,2.0,4.33,4.0,5.0,3.0,10.0,4.33,0.33,4.67,3
632.4,5.035,77.0,17.2,29.1,28.1,14.1,30.25,128.55,17.1,19.0,12.4,5.2,0.0,19.0,19.1,55.0,5.2,6.2,4.0,25.3,1240.0,9.2,4
136.005,0.035,77.0,2.1,1.2,2.2,2.8,3.855,12.835,11.8,3.0,7.9,3.5,0.0,0.8,2.3,3.1,1.2,1.9,0.03,1.7,0.4,1.3,0
1.35,5.035,77.0,1.6,3.0,5.3,8.9,43.0,111.0,0.0,0.6,1.5,3.0,0.0,0.0,2.0,1.4,2.8,2.9,0.9,1.2,16.0,7.3,0
240.0,5.0,77.0,77.0,0.0,30.12,0.0,21.0,14.2,17.0,23.0,103.0,31.1,46.0,10.0,20.1,9.2,30.12,25.1,11.0,30.12,30.12,3.1,0
1.35,5.035,77.0,19.0,13.0,5.2,12.0,30.0,20.0,1.85,0.0,7.0,3.6,0.0,0.0,3.3,2.5,1.7,9.6,0.0,3.6,2.4,1.7,0
0.0,5.0,77.0,33.0,32.0,12.0,24.0,36.45,154.05,14.0,16.0,25.0,21.0,0.0,5.0,14.0,31.0,22.0,19.0,1.0,7.0,3.0,25.0,0
1.35,5.0,77.0,36.0,20.0,10.0,15.0,25.150000000000002,62.2,11.0,11.0,19.0,15.0,0.0,6.0,10.0,22.0,13.0,12.0,0.0,9.0,4.0,16.0,0
40.0,40.0,77.0,350.0,250.0,100.0,160.0,0.0,0.0,140.0,80.0,170.0,150.0,0.0,40.0,150.0,290.0,140.0,170.0,0.0,210.0,30.0,290.0,2
0.0,0.0,77.0,290.0,170.0,90.0,130.0,0.0,110.0,110.0,60.0,130.0,120.0,0.0,40.0,110.0,240.0,110.0,150.0,20.0,230.0,40.0,310.0,2
0.0,0.0,77.0,990.0,460.0,260.0,570.0,145.0,0.0,640.0,470.0,285.27,500.0,0.0,180.0,730.0,590.0,270.0,330.0,25.0,450.0,90.0,50.0,1
0.0,0.0,77.0,340.0,190.0,70.0,120.0,0.0,10.0,120.0,80.0,140.0,120.0,3.0,30.0,120.0,210.0,140.0,170.0,1.5,170.0,40.0,210.0,2
0.0,0.0,77.0,241.0,121.0,55.0,86.0,0.0,102.0,24.0,39.0,97.0,45.0,0.0,30.0,92.0,167.0,98.0,96.0,0.0,148.0,28.0,197.0,2
0.0,0.0,77.0,371.0,141.0,122.0,160.0,0.0,0.0,5.0,83.0,192.0,170.0,0.0,27.0,172.0,300.0,112.0,152.0,0.0,158.0,51.0,185.0,2
0.7,5.035,77.0,31.0,327.0,20.200000000000003,87.0,35.5,29.0,69.25,15.8,146.0,88.0,4.7,8.3,78.0,134.0,8.0,72.0,0.95,80.0,12.75,76.0,0
0.0,5.035,77.0,29.0,149.0,57.0,103.0,0.0,0.0,15.0,56.0,105.0,97.0,0.0,22.0,118.0,161.0,92.0,91.0,0.0,137.0,20.0,206.0,0
40.0,40.0,77.0,380.0,290.0,110.0,170.0,0.0,0.0,180.0,90.0,190.0,170.0,0.0,40.0,170.0,320.0,160.0,200.0,0.0,230.0,40.0,280.0,2
40.0,40.0,77.0,670.0,280.0,140.0,210.0,43.0,0.0,220.0,110.0,210.0,190.0,0.0,50.0,180.0,350.0,120.0,220.0,30.0,300.0,10.0,250.0,1
0.0,0.0,77.0,220.0,200.0,90.0,140.0,10.5,200.0,70.0,70.0,130.0,110.0,0.0,40.0,100.0,200.0,110.0,140.0,30.0,180.0,50.0,250.0,2
0.0,0.0,77.0,280.0,180.0,63.0,109.0,10.5,0.0,144.0,58.0,126.0,100.0,0.0,24.0,89.0,188.0,99.0,109.0,3.0,168.0,22.0,192.0,2
0.0,0.0,77.0,320.0,310.0,80.0,130.0,10.5,0.0,210.0,70.0,180.0,130.0,0.0,20.0,120.0,210.0,130.0,120.0,0.0,140.0,20.0,110.0,2
0.7,5.035,77.0,6.1,20.11,14.1,3.6,14.75,30.12,480.0,240.0,25.3,24.5,0.0,9.5,3.6,20.3,13.2,14.4,10.0,3.6,8.6,24.5,0
8.515,5.0,77.0,30.6,11.4,2.1,7.8,40.7,7.5,0.0,0.3,3.4,6.6,0.0,1.8,3.9,2.9,2.5,6.6,2.0,3.5,3.1,3.1,0
0.0,40.0,77.0,311.0,28.0,27.2,8.4,23.9,72.7,26.0,20.0,181.0,28.1,0.0,1.1,10.1,9.1,37.0,10.0,4.0,9.4,14.2,26.9,2
1.35,5.0,77.0,26.1,18.1,3.8,9.4,24.0,18.0,6.0,0.9,7.0,3.7,0.0,1.1,3.7,2.6,0.0,6.1,30.12,2.4,2.1,3.2,0
7.165,0.035,77.0,3.9,3.7,7.0,5.3,14.1,2.5,0.55,0.6,3.0,7.5,0.0,0.5,3.3,1.0,2.0,9.9,5.2,1.4,2.6,19.1,0
210.005,0.035,77.0,0.2,0.4,0.6,31.12,2.6,4.2,0.7,0.2,31.12,0.3,0.0,0.0,0.3,0.2,0.3,0.3,0.0,0.0,0.5,1.5,0
114.1,5.035,77.0,11.8,13.5,4.8,12.8,20.1,18.3,8.8,5.6,5.5,7.8,0.0,15.16,4.4,4.7,1.8,5.1,0.65,0.6,0.3,2.4,0
7.5,5.035,77.0,3.3,7.0,6.8,48.0,5.1,272.0,247.24,6.3,14.1,1.6,0.0,30.12,0.9,0.4,0.0,0.7,30.12,1.6,2.2,54.0,0
1.35,5.035,77.0,3.9,22.0,9.4,12.0,85.0,63.0,5.54,1.4,8.7,8.1,0.0,3.4,3.4,2.8,1.0,8.9,6.7,3.9,6.4,35.0,0
40.0,40.0,77.0,760.0,110.0,150.0,180.0,0.0,30.0,210.0,140.0,180.0,310.0,0.0,120.0,340.0,690.0,400.0,600.0,39.5,200.0,340.0,60.0,1
0.0,0.0,77.0,430.47,103.4,90.88,10.34,0.0,10.07,44.0,74.08,258.35,139.35,13.745,58.92,119.77,272.43,10.3,199.99,14.55,192.48,78.69,121.505,2
0.0,20.0,77.0,310.29,50.19,35.27,35.58,82.0,7.85,12.27,24.03,72.99,44.44,0.0,23.88,45.13,128.6,56.34,71.38,13.5,57.74,33.56,43.97,2
17.32,3.5,77.0,629.36,312.5,29.7,29.13,54.9,293.7,20.42,23.61,1547.54,34.3,0.0,2.92,0.28,29.87,15.8,17.85,5.96,20.13,9.12,32.71,2
0.0,30.0,77.0,2830.0,560.0,60.0,80.0,0.0,3.65,370.0,30.0,820.0,200.0,0.0,0.0,40.0,30.0,20.0,20.0,0.0,50.0,20.0,60.0,3
0.3,5.0,77.0,74.4,42.2,38.0,43.5,37.0,144.15,39.3,31.0,52.1,42.5,14.9,21.5,45.9,76.0,158.4,44.1,5.0,83.9,18.3,105.3,0
7.5,5.035,77.0,27.0,11.0,7.0,13.0,34.3,158.4,30.0,11.0,23.0,7.0,0.0,14.0,7.0,16.0,6.0,8.0,4.1,16.0,5.0,188.0,0
240.0,5.0,77.0,71.8,26.0,28.9,29.5,26.095,8.345,34.2,25.3,63.5,33.3,0.0,15.0,34.2,53.6,42.8,18.3,5.8,58.6,1.4,47.2,0
1.35,0.035,77.0,2.0,9.7,4.6,5.9,34.0,30.0,1.35,0.0,2.4,3.7,0.0,0.0,2.7,1.9,1.7,5.4,3.8,1.6,3.4,9.4,0
1582.6,20.0,77.0,93.2,96.8,12.1,26.4,261.0,121.9,12.3,5.0,35.0,27.1,3.95,2.45,9.2,4.5,8.7,23.0,0.5,4.9,4.6,28.1,4
1.35,5.035,77.0,1.3,8.9,5.3,8.5,64.0,205.0,1.79,1.3,6.2,5.9,0.0,0.0,2.7,1.1,2.6,2.5,1.3,2.1,4.0,34.0,0
13.165,0.035,77.0,0.0,0.0,0.0,0.0,1.07,0.12,0.0,0.0,0.0,0.0,0.0,0.0,0.0,0.0,0.0,0.0,0.0,0.0,0.0,0.0,0
7.5,5.0,77.0,51.0,10.0,58.0,6.0,65.0,114.0,17.0,3.0,7.0,23.0,0.0,4.0,3.0,12.0,13.0,8.0,9.0,37.0,14.0,200.0,0
7.5,5.035,77.0,2.5,2.4,34.0,7.0,8.5,66.0,11.05,0.4,2.1,0.5,0.0,0.4,0.7,3.0,3.8,4.8,3.0,4.4,5.9,49.0,0
0.0,10.0,77.0,314.0,85.0,38.0,91.0,24.3,101.605,46.0,26.0,253.0,36.0,7.0,5.0,21.0,31.0,58.0,41.0,8.0,21.0,13.0,14.0,2
15.0,15.375,77.0,2670.0,20.0,15.0,5.0,0.0,35.0,80.0,180.0,140.0,10.0,0.0,0.0,5.0,10.0,10.0,5.0,2.0,10.0,5.0,48.5,3
55.0,7.35,77.0,900.0,240.0,80.0,120.0,91.5,105.0,160.0,90.0,150.0,80.0,0.0,20.0,50.0,110.0,40.0,100.0,2.0,100.0,50.0,110.0,1
213.0,0.035,77.0,7.0,1.0,25.0,3.0,21.5,1.35,2.0,27.0,15.0,2.0,0.0,1.0,1.0,2.0,2.0,2.0,0.25,33.0,4.0,7.0,0
0.0,5.035,77.0,32.0,2.0,22.0,17.0,34.3,158.4,1088.0,413.0,300.0,12.0,1.0,19.0,5.0,13.0,5.0,7.0,5.2,14.0,24.0,209.0,0
70.0,5.035,77.0,18.3,1.0,1.8,2.8,0.0,3.8,0.0,9.4,13.6,3.5,0.0,1.5,1.9,3.7,2.2,1.9,0.0,18.2,734.7,1.3,0
6.0,5.035,77.0,1.3,5.0,5.0,7.1,30.0,75.0,0.0,0.7,1.1,2.5,1.0,0.0,1.2,1.5,1.3,3.1,1.3,0.7,1.9,5.7,0
1.35,5.035,77.0,1.9,9.7,7.3,10.7,31.0,74.0,1.35,0.8,3.3,4.0,0.0,0.0,1.4,1.9,1.4,3.3,0.0,1.4,3.7,6.4,0
1.35,5.035,77.0,0.9,4.1,5.0,6.8,31.0,69.0,5.9,0.8,1.7,3.0,0.0,0.0,1.4,1.5,1.3,3.5,1.2,0.7,1.5,9.6,0
0.0,0.0,77.0,1180.0,260.0,270.0,500.0,290.0,0.0,680.0,150.0,180.0,530.0,0.0,180.0,490.0,700.0,250.0,360.0,50.0,790.0,200.0,10.0,1
1.35,5.035,77.0,3.8,4.8,22.0,26.0,98.0,231.0,4.3,0.1,1.8,14.0,0.0,8.1,7.3,3.2,10.0,33.0,7.1,1.4,11.0,18.0,0
0.0,0.0,77.0,69.0,107.2,24.2,15.8,37.8,19.0,0.0,1.9,8.6,26.5,3.95,2.55,19.9,10.9,11.2,27.8,1.0,10.1,0.0,7.1,0
1.35,5.035,77.0,15.7,20.5,6.1,18.7,269.4,7.7,0.0,1.5,24.4,5.3,0.3,0.15,3.6,0.4,0.0,1.8,0.0,0.0,1.3,0.0,0
7.5,5.035,77.0,0.0,2.0,6.0,5.0,25.6,94.65,8.0,26.0,46.0,14.0,0.0,4.0,4.0,4.0,3.0,3.0,3.55,21.0,4.0,295.0,0
40.0,50.0,77.0,218.0,194.0,45.0,310.0,24.0,0.0,139.0,67.0,402.0,193.0,28.0,17.0,249.0,293.0,134.0,138.0,39.55,413.0,47.0,253.0,2
1.35,0.0,77.0,44.5,48.1,2.6,6.6,32.5,3.6,5.0,0.7,11.0,7.4,0.3,1.5,1.7,2.2,2.9,3.7,1.0,1.7,2.0,4.1,0
8.515,0.035,77.0,7.9,14.2,11.2,6.8,28.5,17.5,1.0,1.0,2.7,6.4,0.5,0.0,4.3,5.0,3.2,6.1,4.7,0.4,2.1,9.7,0
112.75,0.035,77.0,3.8,17.1,16.3,12.3,20.0,59.0,7.6,4.0,19.2,9.3,1.2,0.0,5.7,7.5,4.2,11.2,10.4,0.8,1.7,13.0,0
13.165,0.035,77.0,1.4,3.9,0.5,0.6,5.23,0.12,0.0,0.4,0.6,0.5,0.2,0.0,0.1,0.2,0.0,0.0,0.0,0.0,0.0,0.2,0
13.165,0.035,77.0,2.2,8.6,4.0,25.0,55.5,51.0,0.0,0.5,1.1,1.5,0.0,0.0,0.8,0.9,0.8,1.4,2.7,0.1,0.6,5.1,0
0.0,5.035,77.0,36.0,2.0,20.0,36.0,29.0,87.0,340.0,698.0,126.0,24.0,4.0,18.0,18.0,30.0,17.0,16.0,0.0,33.0,14.0,563.0,0
0.0,5.035,77.0,21.0,2.0,20.0,40.0,24.0,83.0,285.0,415.0,63.0,19.0,3.0,8.0,14.0,25.0,12.0,11.0,0.0,25.0,15.0,418.0,0
0.0,5.035,77.0,22.0,1.0,26.0,38.0,38.0,108.0,283.0,708.0,80.0,24.0,4.0,17.0,15.0,27.0,11.0,12.0,0.0,26.0,17.0,518.0,0
13.165,5.035,77.0,10.6,10.6,2.7,7.6,5.0649999999999995,15.6,1.7,0.3,3.6,1.7,0.0,0.2,1.4,1.2,0.2,0.4,0.0,0.2,0.7,0.8,0
13.165,0.035,77.0,3.92,3.06,0.2,0.88,5.8,0.12,0.46,0.46,1.66,0.27,0.15,0.09,0.1,0.12,0.16,0.11,0.0,0.15,0.13,0.48,0
13.165,0.035,77.0,3.89,2.4,0.2,0.66,4.66,0.12,0.54,0.5,2.19,0.34,0.18,0.12,0.14,0.18,0.16,0.16,0.0,0.17,0.13,0.46,0
13.165,5.035,77.0,9.33,8.76,0.55,2.28,6.33,15.6,0.73,0.76,3.24,0.81,0.46,0.13,0.32,0.31,0.42,0.25,1.0,0.36,0.3,0.93,0
13.165,0.035,77.0,1.7,1.5,0.2,0.9,3.4000000000000004,0.12,0.0,0.4,1.7,0.2,0.0,0.0,0.0,0.1,0.2,0.0,0.0,0.1,0.0,0.3,0
7.165,5.035,77.0,16.26,8.89,0.8,2.94,19.365,7.15,0.365,1.0,3.94,1.36,0.23,0.215,1.1,0.255,1.74,1.1,0.8,0.56,0.0,0.0,0
13.165,0.035,77.0,5.94,5.75,0.25,1.15,5.23,13.25,0.21,0.37,1.58,0.33,0.24,0.09,0.11,0.14,0.21,0.13,0.8,0.23,0.17,0.94,0
55.0,7.35,77.0,738.0,61.0,89.0,124.0,0.0,210.0,60.0,41.0,238.0,70.0,0.0,0.0,38.0,43.0,50.0,34.0,36.0,58.0,51.0,213.0,1
260.01,0.035,77.0,3.53,0.93,3.34,2.94,1.85,18.85,3.45,8.93,18.09,4.69,0.24,1.34,3.02,4.72,2.72,2.48,10.6,3.8,1.86,2.61,0
225.5,0.035,77.0,9.12,2.0,5.12,6.31,4.23,19.0,4.03,10.96,21.47,6.56,0.72,4.18,4.85,8.53,5.44,4.96,10.6,6.29,2.79,5.92,0
1.35,5.035,77.0,9.3,13.0,7.5,8.6,58.0,70.0,3.74,1.6,2.4,18.0,0.0,5.0,4.6,3.4,14.0,11.0,3.5,13.0,12.0,31.0,0
1.35,10.0,77.0,44.1,43.6,11.3,13.7,347.9,90.6,18.6,3.4,8.2,24.3,0.0,7.9,5.3,2.5,9.3,0.4,1.0,25.4,7.5,23.3,0
1.35,10.0,77.0,33.6,30.5,9.3,8.8,212.2,55.8,7.6,1.7,5.8,19.4,0.0,8.1,5.4,2.1,7.9,0.8,0.5,16.8,5.6,18.9,0
6.0,5.035,77.0,11.0,8.3,4.5,3.3,12.0,31.0,0.55,0.7,3.0,4.6,0.0,0.0,2.7,1.3,1.7,2.9,1.1,3.2,4.7,16.0,0
1.35,5.035,77.0,12.0,16.0,6.9,44.0,8.6,3.5,3.045,3.4,5.8,4.2,0.0,0.8,2.8,1.8,0.8,3.0,4.1,2.1,5.0,24.0,0
112.75,5.035,77.0,14.0,11.0,6.0,5.0,24.8,115.95,5.0,8.0,14.0,8.0,0.0,3.0,5.0,9.0,4.0,5.0,1.25,12.0,25.0,5.0,0
136.005,0.035,77.0,1.9,3.7,4.1,3.9,7.2,24.0,11.2,1.1,4.1,5.0,0.0,0.0,2.2,1.5,3.0,1.6,0.0,2.2,2.0,3.2,0
1.35,5.0,77.0,59.0,25.0,11.0,24.0,42.8,185.25,2.0,9.0,39.0,13.0,0.0,1.0,19.0,14.0,2.0,1.0,4.0,4.0,4.0,3.0,0
115.0,5.035,77.0,11.0,0.0,9.0,0.0,33.099999999999994,4.8,5.0,7.0,9.0,1.0,0.0,0.0,1.0,1.0,2.0,1.0,0.25,59.0,30.0,19.0,0
1.35,5.0,77.0,34.0,5.1,3.4,7.2,5.3,56.6,5.4,2.1,11.8,5.0,0.3,2.0,3.1,1.7,1.8,2.4,0.0,2.0,3.0,1.6,0
0.0,10.0,77.0,132.28,72.5,5.58,20.82,23.0,3.5,8.5,5.08,25.84,4.84,2.1,0.5,2.58,4.0,3.84,2.62,4.0,5.36,2.9,5.6,0
0.0,0.0,77.0,231.96,114.92,11.24,30.5,53.5,0.0,3.0,7.6,40.4,9.32,0.0,1.0,5.2,4.5,7.7,4.14,0.5,14.06,6.86,28.56,2
1.35,5.0,77.0,50.1,5.4,3.9,4.2,10.700000000000001,140.8,3.3,12.0,14.6,6.3,0.0,1.1,4.1,7.7,4.9,4.2,0.0,3.0,2.1,5.8,0
13.165,0.035,77.0,1.34,0.45,0.09,0.22,2.14,0.12,0.21,0.33,0.72,0.23,0.41,0.11,0.15,0.11,0.18,0.12,0.0,0.06,0.05,0.09,0
1.35,5.035,77.0,16.7,27.2,3.2,10.3,17.05,12.05,8.1,1.0,3.9,1.1,0.0,0.0,0.9,0.6,1.1,1.1,0.7,1.4,0.9,14.6,0
6.0,5.035,77.0,1.5,4.9,5.9,9.6,7.1,137.0,10.3,0.8,5.2,6.6,0.0,0.2,3.4,1.9,1.3,3.5,2.8,1.4,1.6,7.1,0
105.165,5.035,77.0,5.6,1.0,5.2,2.8,0.0,0.0,5.1,21.6,7.8,0.6,0.0,0.9,1.0,0.8,0.8,0.7,0.0,13.2,1.7,9.5,0
1.35,5.035,77.0,21.0,11.0,9.0,10.0,65.0,76.0,4.0,0.0,9.0,10.0,0.0,0.0,10.0,10.0,5.0,8.0,4.0,5.0,5.0,19.0,0
0.0,0.0,77.0,172.0,151.0,64.0,82.0,27.0,58.0,63.0,84.0,200.0,95.0,0.0,25.0,74.0,111.0,70.0,67.0,21.0,104.0,46.0,109.0,0
0.0,0.0,77.0,272.0,241.0,86.0,106.0,5.0,57.0,85.0,113.0,283.0,128.0,0.0,37.0,103.0,151.0,87.0,88.0,29.0,149.0,68.0,157.0,2
190.0,15.0,77.0,490.0,90.0,180.0,190.0,40.9,856.2,1580.0,550.0,710.0,260.0,0.0,120.0,180.0,350.0,190.0,170.0,40.0,310.0,40.0,1480.0,2
40.0,0.0,77.0,106.0,21.0,51.0,48.0,23.0,77.0,386.0,132.0,232.0,78.0,3.0,42.0,56.0,95.0,58.0,56.0,13.0,91.0,30.0,314.0,0
1.35,5.035,77.0,13.0,17.0,6.4,8.0,14.0,24.0,3.3,0.9,5.8,8.2,0.0,0.0,5.8,8.6,7.5,6.9,2.5,2.7,8.2,11.0,0
181.5,5.035,77.0,9.8,1.7,6.0,4.3,1.7,2.3,4.0,7.4,33.6,8.8,1.1,2.8,3.9,8.1,9.1,5.7,0.7,13.2,169.8,4.6,0
110.0,10.0,77.0,32.3,2.6,7.4,8.8,0.8,4.7,4.7,20.1,41.4,8.2,1.2,4.7,5.5,7.3,7.0,4.6,0.7,25.8,22.4,11.1,0
2.7,5.0,77.0,23.5,12.4,6.6,14.0,37.3,59.55,3.2,4.0,8.9,9.6,0.7,3.1,8.6,11.7,5.6,7.6,2.0,9.0,2.1,6.6,0
0.7,10.0,77.0,84.0,44.0,39.0,32.0,36.0,144.15,380.0,75.0,102.0,45.0,39.0,42.0,46.0,96.0,49.0,54.0,13.75,60.0,78.0,141.0,0
40.0,40.0,77.0,546.0,298.0,153.0,145.0,44.0,0.0,432.0,146.0,270.0,212.0,46.0,172.0,225.0,444.0,162.0,209.0,15.0,331.0,124.0,393.0,2
40.0,40.6,77.0,621.0,366.0,186.0,180.0,22.5,85.0,465.0,156.0,336.0,288.0,47.0,221.0,293.0,534.0,199.0,246.0,33.5,451.0,145.0,473.0,2
1.35,5.035,77.0,10.3,24.3,2.6,13.0,29.1,9.1,16.2,0.8,11.1,1.1,0.0,15.06,0.4,0.4,0.8,2.0,1.65,5.2,0.6,20.8,0
81.35,5.0,77.0,33.0,25.0,3.0,4.0,29.25,19.6,10.0,3.0,10.0,5.0,0.0,0.0,2.0,3.0,2.0,4.0,15.76,2.0,2.0,3.0,0
0.0,15.0,77.0,140.0,4.0,16.0,8.0,34.0,133.4,51.0,1925.0,256.0,8.0,4.0,3.0,2.0,3.0,7.895,2.0,22.35,5.0,2.0,323.0,0
0.0,99.2,77.0,139.4,3.7,24.4,14.7,0.0,0.0,189.2,2828.3,292.7,26.3,0.0,9.4,15.4,16.0,11.4,9.44,15.7,42.1,0.0,1452.8,0
137.17,0.035,77.0,5.0,1.0,3.0,2.0,1.1800000000000002,1.89,2.0,11.0,9.0,3.0,0.0,0.0,2.0,3.0,2.0,1.0,10.629999999999999,5.0,2.0,3.0,0
10.0,10.0,77.0,166.0,30.0,8.0,17.0,26.8,120.65,60.0,10.0,50.0,10.0,0.0,2.0,5.0,7.0,4.0,4.0,2.0,6.0,2.0,220.0,0
2.0,15.0,77.0,103.0,4.0,68.0,130.0,34.0,133.4,26.0,842.0,261.0,154.0,12.0,47.0,100.0,176.0,158.0,79.0,39.0,215.0,54.0,316.0,0
0.0,20.0,77.0,131.0,39.8,19.439999999999998,20.509999999999998,25.0,79.65,51.65,7.39,36.02,15.22,17.060000000000002,2.8,11.989999999999998,38.75,12.27,19.41,11.385,10.38,3.0999999999999996,9.899999999999999,0
0.0,4.7,77.0,343.8,67.5,53.6,45.7,37.6,188.21,27.9,29.5,100.9,45.1,0.0,7.5,21.3,34.44,29.9,28.8,15.3,31.3,19.0,38.3,2
0.0,5.0,77.0,41.0,22.0,25.0,22.85,12.3,14.0,24.150000000000002,14.0,36.0,35.0,0.0,10.0,27.0,54.0,35.0,32.0,6.0,37.0,11.0,57.0,0
0.0,0.0,77.0,1140.21,580.92,370.8,250.29,27.88,0.0,129.78,519.12,769.41,550.02,0.0,339.9,398.61,831.21,420.24,321.36,0.0,988.8,151.41,0.0,1
0.0,0.0,77.0,1647.28,1047.0,104.7,83.76,220.0,0.0,411.82,764.31,1186.6,666.59,743.37,349.0,565.38,945.79,596.79,425.78,0.0,1099.35,132.65,38.39,3
0.0,0.0,77.0,1360.4,953.8,387.6,83.6,220.0,0.0,148.2,345.8,851.2,497.8,140.6,262.2,402.8,771.4,661.2,280.0,106.4,813.2,79.8,64.6,1
0.0,0.0,77.0,989.8,529.24,202.0,88.88,76.0,0.0,48.48,290.88,1030.2,469.64,96.77000000000001,161.6,420.16,569.64,0.0,169.68,319.16,731.24,48.48,0.0,1
0.0,0.0,77.0,1508.56,872.0,501.4,361.88,220.0,0.0,0.0,627.84,1028.96,771.72,0.0,340.08,688.88,1281.84,610.4,470.88,0.0,1190.28,0.0,200.56,3
8.515,5.035,77.0,8.0,18.0,3.0,10.0,23.0,5.0,1.0,0.0,2.0,4.0,0.0,0.0,4.0,5.0,4.0,4.0,2.0,3.0,2.0,14.0,0
256.5,5.035,77.0,6.0,1.0,3.0,6.0,25.6,94.65,1.0,32.0,48.0,6.0,0.0,1.0,2.0,4.0,2.0,2.0,0.6499999999999999,5.0,235.0,1.0,0
157.5,5.035,77.0,8.8,1.2,5.0,4.6,0.0,3.4,0.0,11.5,21.5,6.2,0.0,41.1,3.8,7.4,8.0,5.1,2.5,17.5,510.4,3.0,0
0.0,5.035,77.0,19.0,19.0,204.0,251.0,407.0,545.0,31.0,146.0,119.0,65.0,0.0,26.0,25.0,13.0,5.0,9.0,0.0,35.0,23.0,76.0,0
30.0,5.035,77.0,18.0,14.0,43.0,115.0,294.0,48.0,3.0,4.0,88.0,27.0,0.0,0.0,8.0,4.0,1.0,6.0,2.0,7.0,8.0,42.0,0
0.0,5.035,77.0,11.0,6.0,4.0,3.0,10.0,158.4,154.0,253.0,74.0,6.0,3.0,5.0,5.0,8.0,5.0,5.0,0.0,8.0,5.0,292.0,0
0.0,5.035,77.0,19.0,10.0,14.0,17.0,34.3,158.4,327.0,623.0,187.0,30.0,4.0,19.0,29.0,30.0,19.0,17.0,10.0,25.0,8.0,579.0,0
0.0,5.035,77.0,22.0,8.0,18.0,19.0,44.0,183.9,85.0,172.0,114.0,51.0,9.5,30.0,48.0,67.0,50.0,50.0,12.0,80.0,11.0,224.0,0
7.5,5.035,77.0,16.0,5.0,8.0,8.0,32.0,158.4,40.0,101.0,52.0,12.0,8.0,8.0,9.0,13.0,55.0,17.0,105.0,53.0,10.0,277.0,0
50.0,22.35,77.0,725.0,100.0,42.0,61.0,0.0,105.0,60.0,37.0,103.0,58.0,0.0,14.0,51.0,80.0,10.0,46.0,2.0,58.0,54.0,49.0,1
60.0,22.35,77.0,784.0,62.0,40.0,54.0,0.0,105.0,50.0,30.0,67.0,57.0,0.0,15.0,51.0,81.0,11.0,48.0,2.0,55.0,35.0,48.0,1
30.0,15.375,77.0,1980.0,132.0,70.0,94.0,0.0,98.83500000000001,93.0,113.0,109.0,98.0,0.0,25.0,90.0,140.0,20.0,82.0,4.0,94.0,42.0,97.0,3
40.0,40.0,77.0,733.0,416.0,181.0,271.0,20.0,0.0,271.0,345.0,446.0,287.0,7.0,69.0,222.0,345.0,61.0,113.0,10.0,356.0,100.0,170.0,1
0.0,40.0,77.0,980.0,620.0,280.0,370.0,24.05,23.1,350.0,210.0,370.0,380.0,0.0,90.0,350.0,510.0,70.0,320.0,10.0,400.0,130.0,460.0,1
40.0,40.0,77.0,460.0,105.0,71.0,1113.0,50.4,7.0,162.0,70.0,113.0,103.0,0.0,29.0,88.0,150.0,68.0,93.0,8.0,86.0,36.0,55.0,2
40.0,40.0,77.0,436.0,271.0,142.0,196.0,41.0,0.0,225.0,102.0,281.0,216.0,0.0,46.0,150.0,230.0,80.0,59.0,14.55,324.0,68.0,130.0,2
40.0,40.0,77.0,236.0,215.0,111.0,129.0,38.0,28.5,205.0,115.0,468.0,176.0,2.0,37.0,129.0,226.0,56.0,67.0,29.05,294.0,53.0,61.0,2
0.0,0.0,77.0,228.0,192.0,95.0,131.0,21.0,100.0,120.0,55.0,159.0,149.0,12.0,42.0,131.0,223.0,102.0,118.0,16.5,115.0,42.0,132.0,2
0.0,10.0,77.0,185.0,127.0,86.0,99.0,80.0,64.0,139.0,53.0,129.0,117.0,20.0,49.0,107.0,154.0,110.0,88.0,20.5,150.0,67.0,97.0,0
0.0,0.0,77.0,1078.0,184.0,269.0,414.0,0.0,0.0,367.0,227.0,670.0,378.0,0.0,116.0,386.0,630.0,51.0,370.0,0.0,453.0,172.0,521.0,1
40.0,40.0,77.0,443.0,417.0,218.0,297.0,43.0,0.0,258.0,120.0,329.0,342.0,11.0,81.0,279.0,412.0,168.0,150.0,25.0,194.0,63.0,226.0,2
40.0,40.0,77.0,707.0,404.0,210.0,281.0,45.0,0.0,306.0,118.0,343.0,324.0,20.0,91.0,257.0,414.0,183.0,117.0,25.0,234.0,102.0,298.0,1
0.0,40.0,77.0,926.0,485.0,237.0,358.0,132.0,23.1,391.0,223.0,565.0,400.0,6.0,82.0,261.0,396.0,89.0,89.0,5.0,444.0,121.0,341.0,1
0.0,0.0,77.0,937.85,730.15,292.1,431.56,24.05,23.1,416.72,234.79,390.54,423.57,1.95,114.91,404.81,631.31,78.11,360.02,5.0,386.19,109.27,371.32,1
0.0,40.0,77.0,1117.0,476.0,206.0,313.0,0.0,31.0,345.0,166.0,253.0,291.0,0.0,104.0,299.0,492.0,43.0,302.0,0.0,367.0,168.0,436.0,1
40.0,40.0,77.0,730.0,480.0,210.0,300.0,22.5,0.0,230.0,170.0,250.0,280.0,0.0,80.0,270.0,430.0,30.0,270.0,20.0,330.0,100.0,370.0,1
15.0,0.375,77.0,1680.0,910.0,270.0,390.0,0.0,15.5,450.0,300.0,420.0,310.0,0.0,60.0,250.0,410.0,70.0,280.0,0.0,370.0,90.0,370.0,3
0.0,0.0,77.0,1624.0,874.0,425.0,638.0,0.0,0.0,664.0,360.0,631.0,552.0,0.0,113.0,383.0,489.0,53.0,398.0,0.0,614.0,163.0,260.0,3
0.0,0.375,77.0,1264.0,632.0,255.0,345.0,0.0,23.1,349.0,278.0,404.0,299.0,0.0,43.0,259.0,453.0,99.0,156.0,5.0,275.0,136.0,331.0,1
0.0,5.035,77.0,35.0,83.0,0.0,4.0,0.0,0.0,0.0,7.0,250.0,15.0,16.0,7.0,0.0,5.0,21.0,33.0,4.1,57.0,41.0,231.0,0
120.0,5.035,77.0,0.0,4.7,13.2,17.6,606.0,16.3,16.1,1.8,25.5,73.4,0.0,10.5,44.5,32.7,23.0,63.4,4.6,32.6,72.8,61.4,0
0.0,5.0,77.0,44.4,14.8,2.2,4.4,30.05,112.5,0.0,16.9,32.8,3.1,0.0,3.6,3.6,5.7,2.3,5.3,16.9,2.4,5.6,23.6,0
1.35,5.0,77.0,32.3,33.8,1.6,2.3,0.0,19.6,0.0,14.5,17.7,1.7,0.0,1.6,2.3,2.7,0.0,4.1,23.2,1.9,3.6,20.7,0
7.5,0.0,77.0,53.9,50.7,3.4,3.2,9.15,20.85,0.0,13.8,15.2,2.1,0.0,1.6,2.9,2.3,0.0,1.9,20.1,2.7,6.2,98.1,0
181.5,5.035,77.0,11.4,1.8,9.3,10.2,0.0,0.6,0.0,16.2,24.7,6.3,0.0,4.4,2.8,7.7,4.9,4.4,0.6,38.7,168.9,6.9,0
120.0,5.035,77.0,23.5,3.8,12.45,16.1,34.3,158.4,10.5,7.5,20.4,14.8,0.0,6.5,11.4,20.5,11.2,12.9,4.55,41.9,84.5,22.0,0
120.0,5.035,77.0,27.7,24.7,12.0,15.95,36.45,154.05,12.2,8.4,22.6,17.4,0.0,7.4,14.1,24.5,13.6,15.6,4.55,45.2,84.6,27.2,0
395.0,10.0,77.0,38.6,26.5,19.5,9.51,36.45,154.05,24.5,10.7,28.0,17.8,0.0,7.6,14.6,25.6,14.3,16.9,6.0,49.8,83.8,29.6,4
120.0,10.0,77.0,35.9,24.7,19.5,9.51,36.45,154.05,24.5,8.9,25.3,19.0,0.0,8.7,15.9,28.4,15.9,18.9,6.0,51.1,80.6,32.2,0
13.165,0.035,77.0,6.2,2.3,1.7,2.0,3.3049999999999997,54.335,4.3,2.6,8.7,1.6,0.0,0.0,1.1,2.4,1.9,0.2,10.629999999999999,1.2,0.3,2.2,0
0.12,5.035,77.0,28.4,5.6,7.8,5.0,0.9,7.3,253.4,60.8,105.7,8.7,2.4,7.7,8.7,9.8,2.9,2.4,9.55,12.7,8.1,414.6,0
13.165,0.035,77.0,6.3,1.6,1.7,1.4,0.73,1.815,4.5,0.5,7.3,3.2,0.0,0.0,2.4,4.5,4.5,0.5,10.629999999999999,2.2,0.3,0.5,0
13.165,0.035,77.0,2.9,1.2,0.9,1.3,29.1,0.12,10.6,1.0,6.5,1.0,0.0,0.0,0.5,1.5,1.8,0.0,0.03,0.9,0.3,0.2,0
10.8,5.035,77.0,24.4,8.7,5.6,7.0,53.0,235.4,50.0,15.2,23.6,6.6,0.0,0.0,7.2,17.9,38.7,11.5,3.0,6.7,6.8,17.1,0
0.0,0.6,77.0,581.0,661.0,301.0,448.0,101.05,318.6,497.0,472.0,291.0,433.0,71.0,210.0,418.0,595.45,251.0,234.0,15.0,596.0,100.0,865.0,2
0.0,5.035,77.0,21.1,13.2,12.5,19.1,8.5,5.9,1484.6,848.2,271.9,28.2,2.8,10.8,10.8,14.4,10.7,5.6,8.2,8.9,9.7,755.3,0
0.23,5.035,77.0,17.1,6.9,19.3,13.4,0.0,8.9,1462.9,231.4,254.2,5.5,4.0,13.4,4.6,6.4,3.8,3.5,5.75,25.5,137.6,621.3,0
0.0,0.0,77.0,90.0,74.0,9.0,10.0,158.9,64.45,13.0,2.0,25.0,6.0,3.95,1.0,4.0,4.0,3.0,12.0,4.5,5.0,7.0,18.0,0
196.0,0.035,77.0,7.0,4.0,6.0,7.0,33.0,141.0,2.0,28.0,19.0,2.0,0.0,1.0,1.0,3.0,1.0,1.0,0.0,5.0,2.0,2.0,0
0.0,1.2,77.0,136.6,568.1,143.6,349.5,213.9,28.4,103.7,141.5,390.1,485.6,5.5,175.7,198.2,274.5,125.5,215.5,0.0,79.0,43.0,538.3,0
1.35,10.0,77.0,49.7,25.5,13.1,21.8,69.5,145.5,0.0,2.4,10.0,17.2,2.3,4.0,9.5,8.3,8.5,8.4,0.5,11.6,1.5,9.7,0
1.35,5.0,77.0,41.0,43.0,18.0,12.0,33.5,12.4,5.0,1.0,6.0,6.0,0.3,2.0,4.0,6.0,4.0,10.0,1.0,4.0,2.0,4.0,0
1.35,0.0,77.0,48.0,50.0,12.0,16.0,33.6,74.55,5.0,0.9,6.0,3.0,0.0,1.0,2.0,2.5,1.0,6.0,1.0,3.0,2.0,3.0,0
1.35,0.0,77.0,46.0,32.0,12.0,7.0,33.5,12.4,5.0,0.7,3.0,3.0,0.0,1.0,2.0,2.5,1.0,8.0,1.0,3.0,1.0,2.0,0
80.0,5.035,77.0,10.8,1.0,8.1,5.1,0.0,5.9,7.5,20.6,22.6,3.3,0.7,1.9,19.2,3.7,1.7,2.2,0.0,16.1,36.1,4.3,0
115.0,5.035,77.0,8.0,0.0,2.0,2.0,33.0,141.0,1.0,6.0,16.0,6.0,0.0,1.0,3.0,5.0,0.0,1.0,0.25,61.0,3.0,0.0,0
0.0,2.35,77.0,474.0,57.0,2.0,3.0,120.0,140.0,77.0,0.0,3.0,1.0,0.0,2.0,1.0,2.0,3.0,0.0,0.0,8.0,20.0,4.0,2
55.0,2.725,77.0,1260.0,82.0,3.0,4.0,0.0,70.0,40.0,2.0,9.0,3.0,0.0,5.0,3.0,5.0,6.0,3.0,2.0,14.0,26.0,8.0,1
0.0,0.0,77.0,223.9,89.8,68.3,74.7,0.0,99.92,92.3,63.9,157.7,93.6,18.8,26.1,86.6,138.8,62.0,98.7,37.989999999999995,148.6,52.0,17.2,2
0.0,0.0,77.0,357.29,162.87,129.53,99.39,0.0,0.0,104.36,75.12,275.36,176.87,27.49,20.76,123.42,231.48,131.93,90.13,62.53,209.57,12.11,58.01,2
195.0,5.035,77.0,12.1,0.5,4.0,4.4,9.2,2.2,0.0,15.7,23.4,2.6,0.0,2.2,2.0,3.7,2.4,2.1,0.5,30.2,2.0,6.0,0
0.0,0.0,77.0,187.0,23.0,2.0,3.0,26.4,133.1,4.0,0.0,6.0,0.0,0.0,0.0,0.0,1.0,0.0,3.0,0.0,4.0,3.0,2.0,0
0.0,0.0,77.0,296.0,76.0,4.0,4.0,15.0,81.0,13.0,0.0,7.0,0.0,0.0,0.0,2.0,2.0,2.0,8.0,3.0,4.0,7.0,2.0,2
40.0,0.0,77.0,274.1,208.6,32.25,90.6,24.4,441.65,77.0,71.5,36.6,150.0,24.5,40.0,79.5,247.5,93.0,94.05,15.5,69.45,42.5,638.9,2
0.0,0.0,77.0,189.4,57.3,8.1,9.2,32.8,136.2,11.5,1.4,8.1,2.3,0.0,0.0,3.2,3.0,4.6,12.3,0.0,6.3,5.7,9.0,2
0.0,0.0,77.0,249.0,122.0,14.0,15.0,66.0,0.0,2.0,3.0,46.0,4.0,0.0,2.0,5.0,5.0,4.0,17.0,1.0,9.0,8.0,11.0,2
0.0,0.0,77.0,212.0,111.0,8.0,7.0,41.0,0.0,4.0,1.0,19.0,2.0,0.0,0.0,6.0,4.0,2.0,12.0,0.0,6.0,7.0,8.0,2
55.0,7.35,77.0,765.0,387.0,41.0,48.0,183.0,0.0,5.0,11.0,121.0,14.0,0.0,6.0,16.0,18.0,15.0,58.0,11.0,30.0,27.0,36.0,1
0.0,0.0,77.0,278.0,51.0,3.0,6.0,10.0,32.0,2.0,1.0,11.0,2.0,0.0,1.0,2.0,4.0,3.0,12.0,2.0,5.0,4.0,4.0,2
207.0,5.0,77.0,26.4,25.0,13.0,14.0,41.0,179.0,17.5,8.65,23.950000000000003,18.2,0.0,8.05,15.0,26.45,14.75,25.0,0.5,48.150000000000006,82.6,29.700000000000003,0
1.35,5.035,77.0,16.5,29.0,11.0,17.9,31.9,129.1,18.56,148.5,309.0,14.149999999999999,13.1,13.45,410.6,15.45,23.06,15.5,3.05,25.7,10.85,21.65,0
0.0,20.0,77.0,253.1,50.6,15.5,12.3,47.9,216.9,31.8,2.95,18.3,5.4,0.0,0.9,5.05,7.35,3.1,0.0,3.5,6.95,6.25,6.55,2
0.0,22.35,77.0,323.6,61.0,8.9,11.0,36.8,130.4,19.5,10.0,94.0,14.05,0.0,0.55,6.05,5.55,19.5,0.0,3.5,6.7,10.6,14.45,2
5.0,10.0,77.0,135.5,31.9,13.6,20.3,38.0,157.5,55.5,967.5,153.0,9.0,2.0,2.5,3.5,5.0,9.05,9.0,1.0,5.5,2.0,271.5,0
0.0,20.0,77.0,246.9,40.8,10.2,14.2,32.1,113.0,34.8,3.45,17.8,6.4,0.0,0.9,5.05,6.85,2.1,8.5,1.5,6.45,6.25,6.05,2
1.35,5.035,77.0,17.9,13.8,13.4,10.2,40.0,188.8,165.1,313.5,97.95,19.8,0.25,11.05,18.8,20.85,12.3,11.8,7.35,17.0,5.05,292.8,0
1.35,5.035,77.0,13.2,20.9,11.5,22.0,28.6,128.0,2.06,144.75,290.05,8.399999999999999,13.1,10.6,411.45,5.800000000000001,3.66,11.0,3.05,7.85,8.45,17.0,0
740.0,20.0,77.0,93.0,22.1,8.4,13.4,30.0,109.3,18.95,7.4,45.0,19.7,5.8,3.8499999999999996,13.95,13.5,7.85,7.6,8.5,13.9,4.25,42.45,4
0.0,10.0,77.0,159.0,255.0,20.0,27.0,20.099999999999998,19.65,20.0,10.0,61.0,18.0,0.0,8.0,7.0,21.0,25.0,21.0,0.0,16.0,14.0,80.0,0
5.0,0.0,77.0,246.0,337.0,25.0,41.0,31.65,0.0,21.0,12.0,50.0,17.0,0.0,9.0,5.0,18.0,33.0,22.0,9.0,23.0,24.0,132.0,2
315.0,0.035,77.0,2.0,0.0,2.0,2.0,26.049999999999997,4.8,2.0,6.0,8.0,7.0,0.0,4.0,3.0,6.0,4.0,3.0,1.25,8.0,511.0,1.0,0
361.0,15.035,77.0,2.0,0.0,2.0,2.0,26.049999999999997,4.8,2.0,5.0,7.0,7.0,0.0,4.0,3.0,5.0,4.0,3.0,2.75,7.0,450.0,1.0,0
363.0,5.035,77.0,1.0,0.0,3.0,2.0,26.049999999999997,4.8,1.0,6.0,11.0,6.0,15.06,2.0,3.0,6.0,3.0,2.0,0.6499999999999999,4.0,231.0,15.99,0
0.0,0.0,77.0,238.0,6.4,24.3,3.2,142.0,0.0,6.8,0.5,1.2,10.8,0.0,4.2,10.2,7.6,13.4,4.6,13.8,4.7,18.9,9.4,2
30.0,5.035,77.0,8.62,0.52,8.67,6.2,22.245,123.48500000000001,15.0,43.68,59.2,1.07,0.46,0.16,1.08,1.89,1.0,0.88,0.56,3.32,0.2,3.5,0
0.06,10.0,77.0,165.7,35.0,51.4,45.6,42.8,84.7,333.7,3.4,91.1,37.2,1.2,5.85,21.6,17.6,8.3,16.2,6.9,9.8,6.7,362.2,0
0.0,5.035,77.0,23.9,11.4,46.3,19.0,21.7,20.7,28.7,13.1,103.5,35.3,0.35,2.45,21.6,21.4,19.2,14.0,15.81,8.1,1.8,63.9,0
0.0,2.35,77.0,375.7,29.3,9.3,10.3,4.0,81.0,4.5,1.7,4.4,16.0,0.0,0.5,23.4,2.5,0.0,44.5,1.0,2.3,5.9,67.5,2
31.35,10.0,77.0,48.5,23.1,7.3,35.0,41.0,106.9,0.0,2.1,53.5,15.3,2.3,0.5,4.3,9.3,11.0,18.7,10.45,7.5,2.4,21.4,0
7.5,5.035,77.0,36.0,10.0,13.0,30.0,0.0,0.0,142.0,15.0,64.0,21.0,3.0,2.0,5.0,11.0,4.0,7.0,2.0,9.0,9.0,59.0,0
13.165,0.035,77.0,5.64,4.15,1.07,0.27,5.23,49.5,0.04,1.33,4.06,0.85,0.21,0.17,0.99,0.91,1.43,1.68,10.799999999999999,1.54,0.5,0.36,0
0.0,5.035,77.0,20.0,2.0,12.45,21.0,34.3,158.4,169.0,368.0,73.0,19.0,3.0,12.0,12.0,19.0,20.0,8.0,15.06,22.0,68.0,439.0,0
0.0,5.035,77.0,17.0,8.0,0.0,2.0,0.0,13.0,0.47,4.7,11.0,1.9,0.0,0.0,1.3,2.2,0.0,0.0,0.0,3.0,0.0,17.0,0
0.0,5.035,77.0,19.0,11.5,0.0,1.6,0.0,13.0,4.2,4.0,11.0,1.5,0.0,0.0,1.6,2.8,0.0,0.0,0.0,3.1,0.0,27.0,0
0.0,0.0,77.0,67.0,12.9,3.7,6.1,7.3,112.5,0.59,13.0,37.0,4.2,0.0,1.0,3.7,6.2,3.4,4.2,9.45,6.0,2.3,52.0,0
0.0,5.0,77.0,34.0,43.0,16.0,15.0,36.45,154.05,19.0,13.0,29.0,24.0,0.0,10.0,20.0,33.0,13.0,14.0,0.5,30.0,13.0,25.0,0
0.0,5.0,77.0,34.0,43.0,16.0,15.0,36.45,154.05,19.0,13.0,29.0,24.0,0.0,10.0,20.0,33.0,13.0,14.0,0.5,30.0,13.0,25.0,0
7.5,5.035,77.0,24.0,8.0,20.0,86.0,105.5,128.5,2.0,18.0,52.0,16.0,0.0,4.0,10.0,9.0,2.0,9.0,5.0,9.0,9.0,125.0,0
7.5,5.035,77.0,9.0,4.0,15.0,43.0,21.315,158.4,4.0,4.0,14.0,7.0,0.0,2.0,8.0,11.0,3.0,7.0,4.0,14.0,10.0,382.0,0
150.0,0.035,77.0,1.0,0.0,4.0,3.0,26.049999999999997,4.8,3.0,7.0,12.0,6.0,15.06,2.0,4.0,6.0,3.0,1.0,0.6499999999999999,6.0,248.0,0.0,0
64.5,5.035,77.0,13.0,3.0,6.0,9.0,25.6,94.65,4.0,14.0,46.0,7.0,0.0,2.0,4.0,7.0,5.0,5.0,2.55,9.0,346.0,1.0,0
70.0,5.035,77.0,6.0,2.0,4.0,4.0,16.9,2.15,2.0,5.0,14.0,5.0,0.0,4.0,2.0,4.0,4.0,4.0,0.6,5.0,738.0,2.0,0
415.0,5.035,77.0,8.9,1.5,1.4,1.7,0.0,3.7,0.0,2.7,22.5,1.6,0.0,0.8,1.1,2.0,1.2,1.8,1.2,49.2,842.6,2.4,4
244.15,5.035,77.0,9.4,0.0,3.4,4.3,14.9,7.5,0.0,5.0,25.1,3.0,1.3,2.4,2.6,5.5,3.8,2.7,1.6,29.8,883.1,7.3,0
7.35,5.035,77.0,11.0,14.0,6.0,14.0,32.0,32.0,16.0,2.0,9.0,5.0,0.0,0.0,3.0,4.0,3.0,3.0,0.0,5.0,2.0,5.0,0
5.4,0.0,77.0,49.0,91.1,2.3,27.8,135.1,56.25,70.8,1.9,25.3,3.6,0.0,0.0,0.8,0.8,0.0,1.4,0.0,1.0,0.0,12.3,0
6.0,5.035,77.0,21.7,21.4,1.6,10.8,32.25,20.6,76.5,0.9,11.4,0.7,0.0,0.0,0.3,0.0,0.0,0.4,0.0,0.2,0.0,4.1,0
1.35,5.035,77.0,20.0,34.0,10.0,28.0,47.0,107.0,1.0,2.0,6.0,10.0,0.0,5.0,7.0,5.0,12.0,11.0,4.0,8.0,9.0,36.0,0
